,Day,Consumer_Code,Hour_1_Consumption,Hour_2_Consumption,Hour_3_Consumption,Hour_4_Consumption,Hour_5_Consumption,Hour_6_Consumption,Hour_7_Consumption,Hour_8_Consumption,Hour_9_Consumption,Hour_10_Consumption,Hour_11_Consumption,Hour_12_Consumption,Hour_13_Consumption,Hour_14_Consumption,Hour_15_Consumption,Hour_16_Consumption,Hour_17_Consumption,Hour_18_Consumption,Hour_19_Consumption,Hour_20_Consumption,Hour_21_Consumption,Hour_22_Consumption,Hour_23_Consumption,Hour_24_Consumption,DayConsumption,DayConsumption_Annual
0,2013-10-19,Klant 81,0.0,0.014714308,0.0,0.013897719,0.0,0.01268071,0.013192115,0.0,0.014318862,0.0,0.46357384,0.44847297,0.045820338,0.013757338,0.0,0.012930885,0.045820338,0.39202352,0.99384909,0.91277703,0.60176532,0.081347644,0.029343227,0.019819305,4.130104558999999,1.34083638655
231,2013-07-20,Klant 81,0.0,0.0,0.015164746,0.0,0.014318862,0.0,0.0,0.01377684,0.0,0.014714308,0.0,0.0,0.014318862,0.0,0.01405516,0.0,0.0,0.013757338,0.0,0.014864454,0.0,0.0,0.014178481,0.0,0.129149051,1.34083638655
364,2013-01-12,Klant 81,0.33761388,0.49197372,0.36358485,0.46134297,0.4763196,0.33220922,0.47066303,0.38810871,0.53141592,0.47139764,0.58070051,0.51681366,0.66707184,0.46942392,0.43836121,0.62068347,0.43348776,0.29404802,0.3453998,0.35245782,0.27741246,0.6625045,0.44742293,0.74050614,11.17092358,1.34083638655
407,2013-06-07,Klant 81,0.0,0.01363768,0.0,0.013897719,0.0,0.01280027,0.027247275,0.0,0.0,0.013757338,0.025151323,0.0,0.0,0.013757338,0.01923343,0.0,0.0,0.01363768,0.0,0.66733128,0.0,0.0,0.01405516,0.0,0.834506493,1.34083638655
408,2013-07-27,Klant 81,0.0,0.0,0.015164746,0.0,0.0,0.01363768,0.0,0.0,0.015314892,0.0,0.28591181,0.0,0.51199206,0.0,0.0,0.013897719,0.0,0.0,0.015164746,0.0,0.7577784,0.0,0.021206061,0.0,1.650068114,1.34083638655
654,2013-08-03,Klant 81,0.0,0.0,0.0,0.014864454,0.0,0.0,0.016151112,0.0,0.0,0.014714308,0.43324455,0.0,0.0,0.0,0.015164746,0.0,0.024528858,0.0,0.0,0.015831288,0.54673122,0.063642572,0.0,0.013897719,1.158770827,1.34083638655
663,2013-10-04,Klant 81,0.01319829,0.0,0.013192115,0.0,0.01319829,0.01280027,0.0,0.01377684,0.3978153,0.0,0.013192115,0.039638709,0.59566368,0.0,0.012082529,0.0,0.28251756,0.0,0.0,0.011843271,0.01332273,0.0,0.014178481,0.4751802,1.92160038,1.34083638655
677,2013-07-07,Klant 81,0.014318862,0.0,0.01405516,0.0,0.014318862,0.0,0.0,0.013897719,0.0,0.01268071,0.0,0.013897719,0.0,0.0,0.01405516,0.0,0.0,0.014714308,0.0,0.0,0.014318862,0.0,0.0,0.014864454,0.141121816,1.34083638655
689,2013-01-21,Klant 81,0.47426532,0.0,0.0,0.013897719,0.014256642,0.0,0.013130505,0.026707725,0.01326051,0.0,0.014178481,0.96027129,1.2321702,0.96432882,0.97467727,0.86522238,0.83335734,0.77812588,0.74640414,1.0226304,0.81499122,0.84966392,0.95649121,0.6088401,12.176871072,1.34083638655
790,2013-08-27,Klant 81,0.01319829,0.0,0.0,0.013897719,0.0,0.014714308,0.0,0.1821204,0.31115508,0.0,0.26963768,0.003021242,0.0,0.0,0.015041526,0.0,0.044948748,0.0,0.099002725,0.19601802,0.0,0.011723642,0.0,0.0,1.17447938,1.34083638655
800,2013-04-09,Klant 81,0.1194063,0.0,0.015164746,0.0,0.01319829,0.013757338,0.0,0.012810105,0.83335734,0.27837684,0.050426068,0.000966796,0.014318862,0.027514676,0.0,0.01377684,0.22748244,0.7850045,0.0,0.0583704,0.26421366,0.39202352,0.29392616,0.27118674,3.685281621,1.34083638655
825,2013-01-19,Klant 81,0.71911734,0.9917796,0.93725879,0.57717792,0.90980736,0.59784508,0.89786677,0.73657881,0.66196674,1.0858106,0.93528525,0.76824099,0.80783184,0.81239942,0.64746252,0.83452743,0.98227326,0.5801404,0.4121002,0.047493864,0.51616284,0.4625453,0.52922687,0.18417465,16.635073843999997,1.34083638655
952,2013-11-23,Klant 81,0.45695796,0.51057608,0.61805738,0.39904524,0.44973636,0.37144744,0.42621697,0.35844039,0.0,0.011723642,0.0,0.67808763,0.0,0.15192842,0.0667004,0.011843271,0.0,0.1949955,0.54950767,0.44351802,0.66912612,0.47133786,0.51104081,0.13668138,7.486968543,1.34083638655
1058,2013-02-12,Klant 81,0.015314892,0.0,0.013192115,0.01377684,0.0,0.0118433,0.013068895,0.18018693,0.81804204,0.22250998,0.0,0.01377684,0.01332273,0.40661866,0.69388212,0.69996069,0.91491246,0.38903354,0.65751101,0.41886504,0.41611818,0.27239492,0.44347787,0.053415549,6.681224601,1.34083638655
1130,2013-10-20,Klant 81,0.0,0.01363768,0.0,0.013897719,0.0,0.013757338,0.013068895,0.0,0.3927102,0.0,0.012082529,0.0,0.58445796,0.0,0.01220585,0.0,0.01419432,0.49107702,0.011096163,0.0,0.01319829,0.29105706,0.05967282,0.045439416,1.98155326,1.34083638655
1328,2013-03-20,Klant 81,0.33145002,0.016628444,0.014178481,0.0,0.014318862,0.0,0.013068895,0.012930885,0.40080288,0.0,0.013192115,0.011843271,1.0392984,0.9369339,1.1726201,0.59699673,0.83634492,0.47133786,0.72827969,0.41088861,0.43043694,0.37826628,0.2727202,0.26030961,8.362847093,1.34083638655
1357,2013-09-12,Klant 81,0.0,0.01363768,0.0,0.013897719,0.014318862,0.0,0.014178481,0.22864743,0.30293694,0.003947754,0.0,0.012810105,0.0,0.01280027,0.000986328,0.012810105,0.0,0.013757338,0.0,0.054503163,0.0,0.0,0.01405516,0.0,0.713287335,1.34083638655
1377,2013-02-03,Klant 81,0.55382838,0.0,0.014178481,0.0,0.01419432,0.013757338,0.013068895,0.38514762,0.1194063,0.41451452,0.0,0.011843271,1.0536192,0.7566531,0.78770607,0.89996742,0.73337388,0.12441394,0.5020407,0.4395303,0.56104998,0.69384784,0.32721475,0.14453604,8.563892345,1.34083638655
1382,2013-03-22,Klant 81,0.49879428,0.016628444,0.0,0.012810105,0.0,0.01280027,0.013068895,0.029729007,0.02751705,0.21569114,0.065590814,0.012930885,0.0,0.97401808,0.85748899,0.94951494,1.3626588,0.72818116,0.69782718,0.6158493,0.53552448,0.8358469,0.64037333,0.43759683,9.540440879999998,1.34083638655
1433,2013-01-24,Klant 81,0.0,0.34979532,0.43225879,0.33366564,0.50178186,0.3724049,0.44446363,0.4267197,0.92412612,0.35170926,0.51412333,0.37523772,0.65692386,0.68690944,0.90705171,0.66527703,0.59354718,0.69588134,0.012082529,0.72763515,0.8374659,0.30469474,0.7777202,0.38913534,12.280610689,1.34083638655
1443,2013-07-14,Klant 81,0.014318862,0.0,0.014178481,0.0,0.01319829,0.0,0.013192115,0.0,0.014318862,0.0,0.01405516,0.0,0.01332273,0.0,0.01405516,0.0,0.014318862,0.0,0.0,0.013897719,0.0,0.01268071,0.0,0.013897719,0.16543467,1.34083638655
1522,2013-02-04,Klant 81,0.0,0.014714308,0.015164746,0.0,0.01419432,0.013757338,0.035384542,0.042539112,0.014318862,0.0,0.015164746,0.014743674,0.028637724,0.014714308,0.0,0.014864454,0.015190452,0.014714308,0.0,0.013897719,0.014318862,0.0,0.64838768,0.83652129,1.781228445,1.34083638655
1643,2013-07-24,Klant 81,0.0,0.016628444,0.0,0.0,0.0,0.014714308,0.0,0.0,0.015314892,0.0,0.0,0.015831288,0.0,0.0,0.0,0.014743674,0.0,0.0,0.016274433,0.0,0.0,0.014594748,0.0,0.0,0.108101787,1.34083638655
1678,2013-02-22,Klant 81,0.2101761,0.20085688,0.22019818,0.20193921,0.22437042,0.14702352,0.24843172,0.21184911,0.22138182,0.1323098,0.013068895,0.0,0.01332273,0.16269568,0.12415425,0.19505079,0.17244834,0.16365216,0.27567849,0.17825346,0.27230736,0.1225,0.2322798,0.19807227,4.142020985,1.34083638655
1749,2013-01-06,Klant 81,0.0,0.0,0.0,0.0,0.0,0.0,0.0,0.0,0.0,0.0,0.0,0.0,0.0,0.0,0.0,0.0,0.0,0.0,0.0,0.0,0.0,0.0,0.0,0.0,0.0,1.34083638655
1770,2013-04-10,Klant 81,0.023532726,0.0,0.01405516,0.013897719,0.0,0.013757338,0.0,0.012810105,0.040839882,0.0,0.012082529,0.012930885,0.73847898,0.31653804,0.005054929,0.0,0.01419432,1.0741486,0.43521708,0.35046396,0.0,0.4949049,0.16262111,0.34055406,4.076082323,1.34083638655
1988,2013-03-25,Klant 81,0.31924776,0.1196286,0.01405516,0.0,0.01332273,0.01268071,0.0,0.012930885,1.4799486,0.31761506,0.021206061,0.01377684,0.0,0.01280027,0.089879193,0.0,0.01319829,0.01280027,1.5614802,0.95434911,0.29571534,0.0,0.047467071,0.37028277,5.68238492,1.34083638655
2051,2013-08-18,Klant 81,0.01419432,0.0,0.015164746,0.0,0.015314892,0.0,0.0,0.014864454,0.3876051,0.0,0.013192115,0.0,0.0,0.014594748,0.0,0.014864454,0.22847898,0.079433606,0.0,0.0,0.015314892,0.0,0.0,0.01377684,0.826799147,1.34083638655
2067,2013-05-09,Klant 81,0.014318862,0.0,0.013068895,0.012930885,0.000996093,0.013757338,0.0,0.018731691,0.50589144,0.44597644,0.0,0.012810105,0.0,0.013757338,0.0,0.013897719,0.048933072,0.8525951,0.0,0.012810105,0.0,0.01280027,0.013068895,0.0,2.006344248,1.34083638655
2079,2013-06-04,Klant 81,0.018303186,0.0,0.015164746,0.0,0.014318862,0.0,0.01405516,0.012930885,0.02751705,0.85654254,0.1363601,0.0,0.01319829,0.0,0.015164746,0.0,0.014318862,0.0,0.011096163,0.0,0.031626018,0.31450454,0.0,0.56134683,2.056447978,1.34083638655
2085,2013-04-08,Klant 81,0.35398692,0.017705072,0.0,0.01377684,0.0,0.013757338,0.013068895,0.0,0.5223267,0.22442392,0.024165058,0.014864454,0.0,0.013757338,0.0,0.012810105,0.0,0.82125274,0.23129404,0.33862059,0.65381082,0.62326628,0.54235687,0.41282208,4.84806606,1.34083638655
2123,2013-05-19,Klant 81,0.0,0.01280027,0.0,0.01377684,0.0,0.01280027,0.0,0.013897719,0.34166022,0.0,0.0,0.011843271,0.0,0.013757338,0.0,0.013897719,0.0,0.01363768,0.0,0.08423217,0.0,0.01268071,0.67070262,0.018731691,1.234418518,1.34083638655
2132,2013-01-10,Klant 81,0.67528896,0.42629804,0.5746597,0.47620782,0.49773552,0.46063136,0.44236788,0.50787,0.38150346,0.35176904,0.48681495,0.32176188,0.43043694,0.26952352,0.1161399,0.12471723,0.35498244,0.32927902,0.54741192,0.57022911,0.38455428,0.58701902,0.57570707,0.45838287,10.35129193,1.34083638655
2144,2013-04-06,Klant 81,0.024404316,0.0,0.014178481,0.012810105,0.0,0.013757338,0.0,0.012930885,0.01419432,0.45279528,0.099002725,0.0,0.014318862,0.0,0.01405516,0.0,0.014318862,0.014714308,0.29281617,0.24363306,0.41001756,0.46057158,0.27777424,0.5434605,2.929753752,1.34083638655
2229,2013-06-26,Klant 81,0.0,0.01280027,0.0,0.012810105,0.0,0.01280027,0.0,0.27819594,0.072341358,0.0,0.013192115,0.0,0.01419432,0.0,0.014178481,0.0,0.014318862,0.2302853,0.33436555,0.000966796,0.0,1.3024004,0.0,0.012810105,2.325659872,1.34083638655
2252,2013-11-16,Klant 81,0.0,0.01280027,0.0,0.012810105,0.01332273,0.0,0.013068895,0.75434337,0.004108886,0.0,0.012082529,0.012930885,0.0,0.01268071,0.056590603,0.0,0.43354998,0.20085688,0.22525222,0.0,0.011206026,0.0,0.031315959,0.0,1.806920048,1.34083638655
2303,2013-03-24,Klant 81,0.015190452,0.0,0.014178481,0.044593461,0.31613574,0.34405252,0.51104081,0.43759683,0.97716816,0.38903354,0.0,0.013897719,0.01419432,0.01280027,0.85946152,0.58612059,0.79251756,0.59479532,0.61213979,0.60291891,0.48447552,0.65460962,0.49094484,0.038550996,8.806416969,1.34083638655
2313,2013-06-25,Klant 81,0.014318862,0.0,0.013068895,0.013897719,0.0,0.01363768,0.0,0.012930885,0.39881082,0.0,0.012082529,0.0,0.014318862,0.39393844,0.0,0.012930885,0.0,0.01363768,0.0,0.013897719,0.0,0.01280027,0.0,0.01377684,0.954048086,1.34083638655
2374,2013-03-09,Klant 81,0.4222188,0.48413862,0.4180794,0.37427148,0.41923122,0.4203759,0.35359898,0.41874426,0.54772674,0.30182334,0.45851879,0.22079178,0.16622328,0.031342752,0.79695262,0.015831288,0.10807614,0.14702352,0.21008808,0.22671396,0.036730914,0.3174955,0.38183252,0.37813842,7.655968304,1.34083638655
2406,2013-03-17,Klant 81,0.01319829,0.0,0.013192115,0.012810105,0.0,0.26952352,0.2322798,0.22973544,0.26919432,0.1196286,0.0,0.01377684,0.95786874,0.53701452,0.35051646,0.44641872,1.48206,0.0,0.0,0.012930885,0.01319829,0.57720922,0.69190959,0.53161713,6.774082585,1.34083638655
2451,2013-04-13,Klant 81,0.04071534,0.013757338,0.0,0.014864454,0.015314892,0.0,0.01405516,0.0,0.014318862,0.013757338,0.72211566,0.31783455,1.01589144,0.74875724,0.32918728,0.037584261,0.0,0.23530976,0.85342071,0.26127684,0.056154774,0.66346196,0.85342071,0.0,6.221198569,1.34083638655
2504,2013-03-05,Klant 81,0.0,0.013757338,0.0,0.013897719,0.01319829,0.0,0.013192115,0.0,0.36818124,0.0,0.012082529,0.0,0.01332273,0.088166484,0.0,0.011843271,0.0,0.93394294,0.73629404,0.63168138,0.66302448,0.61931884,0.28381606,0.069246837,4.484966292999999,1.34083638655
2658,2013-12-15,Klant 81,0.017431596,0.0,0.0,0.014743674,0.0,0.014594748,0.0,0.11190663,0.4723977,0.047851538,0.0,0.0,0.015439434,0.18709964,0.16570262,0.1307592,0.41811024,1.0749816,0.47368394,0.4850901,0.45596142,0.091157248,0.0,0.13172643,4.308637758,1.34083638655
2675,2013-04-23,Klant 81,0.0,0.014714308,0.0,0.01377684,0.0,0.013757338,0.014178481,0.0,0.42533184,0.0,0.01405516,0.0,0.02041989,0.0,0.50105494,0.11976228,0.0,0.0,0.10504404,0.094987827,0.032622048,0.38030076,0.38984586,0.22369248,2.363544092,1.34083638655
2688,2013-05-11,Klant 81,0.031626018,0.0,0.013068895,0.0,0.014318862,0.0,0.01405516,0.0,0.014318862,0.02548098,0.44446363,0.084111291,0.0,0.014714308,0.0,0.014864454,0.01419432,0.0,1.3383207,0.19698525,0.42333978,0.01363768,0.0,0.037705041,2.695205231,1.34083638655
2773,2013-05-15,Klant 81,0.0601392,0.013757338,0.0,0.01377684,0.014318862,0.0,0.013192115,0.007855224,0.04694091,0.0,0.013192115,0.23456862,0.0,0.010766574,0.013192115,0.0,0.01419432,0.64192842,0.051535654,0.26333109,0.42433632,0.49,0.47158819,0.41088861,3.209502517,1.34083638655
2791,2013-01-26,Klant 81,0.0,0.72614766,0.63334575,1.0741104,0.54673122,0.15874726,0.66157929,0.62370495,0.69153858,0.63702352,0.65948354,1.03653,1.097571,0.77411866,0.0,0.75047643,0.53552448,0.33316668,0.21810142,0.26635257,0.36519264,0.19690944,0.41512111,0.4366296,12.8381062,1.34083638655
2879,2013-09-29,Klant 81,0.014318862,0.01268071,0.0,0.012930885,0.0,0.01268071,0.013192115,0.0,0.042832044,0.029309056,0.0,0.012930885,0.29783184,0.1851857,0.0,0.01196415,0.0,0.01268071,0.27074666,0.0,0.012202158,0.0,0.020219695,0.0,0.96170618,1.34083638655
3120,2013-09-13,Klant 81,0.01332273,0.0,0.014178481,0.012810105,0.0,0.013757338,0.0,0.46224981,0.36930222,0.0,0.0,0.011843271,0.009213864,0.003947754,0.013068895,0.0,0.014318862,0.0,0.013068895,0.0,0.01332273,0.5928804,0.012082529,0.0,1.569367884,1.34083638655
3144,2013-08-01,Klant 81,0.0,0.0,0.014178481,0.0,0.015314892,0.0,0.014178481,0.0,0.0,0.01363768,0.39095585,0.38804832,0.0,0.0,0.013068895,0.0,0.0,0.0,0.015164746,0.0,0.0,0.014714308,0.0,0.0,0.879261653,1.34083638655
3170,2013-12-27,Klant 81,0.33145002,0.0,0.015288067,0.0,0.0,0.014594748,0.0,0.79011504,0.15389658,0.1794429,0.80188445,0.29608128,0.25998066,0.2256205,0.25126679,0.2276802,0.21839322,0.05096196,0.0,0.014743674,0.95998524,0.70054712,0.56664535,0.42684048,6.485418278999999,1.34083638655
3190,2013-09-21,Klant 81,0.018427728,0.013757338,0.0,0.01377684,0.0,0.01280027,0.0,0.29499426,0.0,0.01268071,0.32228292,0.0,0.012202158,0.0,0.031315959,0.001933589,0.21627672,0.0,0.014178481,0.0,0.01319829,0.96923372,0.0,0.0,1.947058983,1.34083638655
3328,2013-04-24,Klant 81,0.06636477,0.0,0.015164746,0.012810105,0.0,0.013757338,0.0,0.56231307,0.045944778,0.0,0.013068895,0.0,0.014318862,0.0,0.039329804,0.40992138,0.024404316,0.035290486,0.0,0.014864454,0.09998295,0.0,0.034274855,0.23565663,1.637467439,1.34083638655
3401,2013-06-21,Klant 81,0.01332273,0.0,0.01405516,0.0,0.0,0.013757338,0.0,0.013897719,0.55183632,0.0,0.0,0.01377684,0.0,0.013757338,0.59993394,0.0,0.01319829,0.0,0.016274433,0.0,0.01419432,0.0,0.014178481,0.0,1.292182909,1.34083638655
3482,2013-11-18,Klant 81,0.015314892,0.0,0.014178481,0.0,0.01332273,0.0,0.037357173,0.0,0.01319829,0.0,0.013192115,0.0,0.01319829,0.81144294,0.50093172,0.030695841,0.11841078,0.042109424,0.84935142,0.39505752,0.94554204,0.45961412,0.45247798,0.37910565,5.104501406,1.34083638655
3539,2013-03-31,Klant 81,0.25400346,0.24,0.25,0.0,0.014318862,0.01363768,0.0,0.012930885,0.0,0.38807608,0.56356283,0.35638515,0.3773949,1.0103898,0.17975879,0.44061732,0.65891592,0.015671376,0.015164746,0.0,0.6772188,0.4752853,0.56257707,0.0,6.505908969,1.34083638655
3614,2013-10-29,Klant 81,0.0,0.014714308,0.0,0.014864454,0.0,0.014714308,0.0,0.01377684,0.60288528,0.0,0.96351879,0.0,0.0,0.013757338,0.094934041,0.0,0.01419432,0.0,0.015164746,0.64352376,0.73847898,0.7997192,0.63926435,0.6257592,5.209269915,1.34083638655
3650,2013-08-24,Klant 81,0.0,0.013757338,0.0,0.013897719,0.0,0.0,0.01405516,0.0,0.014318862,0.028352086,0.010109898,0.0,0.1275,0.20970922,0.0,0.0,0.88129428,0.0,0.0,0.013897719,0.11318124,0.0,0.0,0.013897719,1.453971241,1.34083638655
3697,2013-08-23,Klant 81,0.009089353,0.0,0.0,0.013897719,0.0,0.01280027,0.0,0.01377684,0.021416022,0.0,0.024288379,0.0,0.0,0.013757338,0.036247587,0.0,0.0,0.18040036,0.0,0.0,0.01419432,0.0,0.0,0.013897719,0.353765907,1.34083638655
3841,2013-06-22,Klant 81,0.015314892,0.01363768,0.0,0.013897719,0.0,0.013757338,0.0,0.013897719,0.01419432,0.0,0.014178481,0.10586466,0.41113752,0.007775879,0.0,0.013897719,0.49169712,0.27825728,0.0,0.011843271,0.0,0.013757338,0.014178481,0.34055406,1.7878414770000002,1.34083638655
3881,2013-06-29,Klant 81,0.0123267,0.01363768,0.0,0.014864454,0.0,0.013757338,0.014178481,0.0,0.015314892,0.0,0.013068895,0.014864454,0.0,0.03325679,0.0,0.082177722,0.77122608,0.075366214,0.0,0.012930885,0.0,0.013757338,0.0,0.59590971,1.696637633,1.34083638655
3894,2013-06-23,Klant 81,0.0,0.008852536,0.01405516,0.0,0.014318862,0.0,0.014178481,0.0,0.048933072,0.0,0.014178481,0.0,0.01419432,0.0,0.015164746,0.0,0.014318862,0.84673372,0.0,0.21474981,0.004108886,0.23423372,1.1059197,0.008942868,2.572883224,1.34083638655
3912,2013-07-26,Klant 81,0.0,0.014714308,0.0,0.0,0.015314892,0.0,0.0,0.013897719,0.0,0.0,0.015164746,0.0,0.015190452,0.0,0.0,0.014864454,0.0,0.0,0.014178481,0.0,0.0,0.014714308,0.0,0.014864454,0.132903814,1.34083638655
3990,2013-06-24,Klant 81,0.0,0.014714308,0.0,0.013897719,0.0,0.01363768,0.014178481,0.0,0.48858408,0.0,0.013068895,0.01196415,0.002988284,0.013757338,0.02626101,0.0,0.64160856,0.01268071,0.25656828,0.060424848,0.06723636,0.0,0.013192115,0.0,1.664762818,1.34083638655
4108,2013-03-13,Klant 81,0.0,0.0,0.012082529,0.012930885,0.0,0.01268071,0.013192115,0.52762941,0.9078153,0.0,0.0,0.013897719,0.01419432,0.0,0.014178481,0.0,0.60898692,1.269982,0.51005505,0.48617811,0.40790004,0.20875274,0.26667838,0.29209356,5.579228269,1.34083638655
4232,2013-07-08,Klant 81,0.0,0.013757338,0.0,0.0,0.01419432,0.0,0.014178481,0.0,0.0,0.013757338,0.0,0.01377684,0.0,0.0,0.014178481,0.0,0.014318862,0.0,0.0,0.014864454,0.0,0.0,0.01405516,0.0,0.1270812739999999,1.34083638655
4272,2013-12-02,Klant 81,0.021416022,0.01363768,0.0,0.014018598,0.0,0.01268071,0.013068895,0.0,0.01319829,0.51057608,0.056713823,0.0,0.52220226,0.18422824,0.0,0.075168423,0.46617162,0.7378714,0.69906039,0.64437021,0.55507278,0.46439946,0.34546141,0.13269267,5.482008961,1.34083638655
4310,2013-08-14,Klant 81,0.0,0.013757338,0.0,0.013897719,0.0,0.01363768,0.0,0.013897719,0.23769264,0.0,0.076686977,0.0,0.015314892,0.0,0.014178481,0.11879505,0.0,0.0,0.2626101,0.055469997,0.0,0.0,0.013068895,0.53753931,1.386546798,1.34083638655
4377,2013-12-31,Klant 81,0.0,0.016748004,0.0,0.014743674,0.0,0.013876996,0.0,0.47010546,0.0,0.0,0.060659186,1.2474099,0.38349654,0.0,0.72322464,0.94842792,0.59068404,0.3675,0.32302224,0.35940663,0.25898412,0.0,0.01232907,0.0,5.79061842,1.34083638655
4383,2013-03-01,Klant 81,0.0,0.01280027,0.0,0.01377684,0.0,0.01280027,0.0,0.036617427,0.037727046,0.0,0.013192115,0.01377684,0.016311024,0.0,0.014178481,0.0,0.014318862,1.05644,0.64234586,1.3444497,0.64970226,1.225,0.63827758,0.39795822,6.139672795,1.34083638655
4467,2013-05-21,Klant 81,0.16024608,0.27634236,0.23832162,0.14550327,0.16522674,0.14020468,0.15547031,0.16242138,0.45185286,0.056823732,0.20700556,0.55349118,0.15601308,0.0,0.015164746,0.0,0.015314892,0.55663314,0.0,0.07226802,0.26620572,0.5928804,0.43632707,0.72860238,5.55231922,1.34083638655
4523,2013-10-05,Klant 81,0.0,0.0,0.012082529,0.0,0.01332273,0.0,0.013068895,0.013897719,0.46617162,0.037204622,0.0,0.01377684,0.0,0.013757338,0.0,0.013897719,0.0,0.013757338,0.84022809,0.10006326,0.0,0.038161592,0.0,0.013897719,1.6032880109999998,1.34083638655
4536,2013-06-16,Klant 81,0.0,0.013757338,0.0,0.014864454,0.014318862,0.0,0.01405516,0.0,0.047937042,0.0,0.014178481,0.0,0.035734884,0.007775879,0.0,0.013897719,0.0,0.014714308,0.31414535,0.0,0.0,0.01268071,0.0,0.013897719,0.531957906,1.34083638655
4690,2013-03-21,Klant 81,0.01942386,0.0,0.01405516,0.012930885,0.0,0.01268071,0.013192115,0.0,0.01319829,0.89769568,0.13229081,0.01196415,0.13658922,0.0,0.025274644,0.068280003,0.23769264,0.24799096,0.55037122,0.8078796,0.0,0.1245335,0.86242082,0.79603623,4.984500497,1.34083638655
4771,2013-05-27,Klant 81,0.017307156,0.0,0.015164746,0.01377684,0.0,0.013757338,0.0,0.092087424,0.056030232,0.0,0.033411911,0.046527129,0.02041989,0.0,0.0,0.01377684,0.0673608,0.0,0.013192115,0.0,0.18452616,0.3724049,0.21822464,0.79192773,1.969895851,1.34083638655
4798,2013-05-22,Klant 81,0.030629886,0.0,0.016151112,0.014864454,0.0,0.013757338,0.0,0.015831288,0.048933072,0.014714308,0.0,0.014864454,0.01319829,0.0,0.015164746,0.014864454,0.78952896,0.55172824,0.4281895,0.41391009,0.0,0.6202763,0.64740091,0.48219039,4.146197792,1.34083638655
4800,2013-12-10,Klant 81,0.10907268,0.0,0.0,0.014985333,0.0,0.0,0.01405516,0.0,0.01419432,0.56751996,1.4504004,0.058249521,0.0,0.0,1.0605505,0.53850555,0.52842732,0.51057608,0.37061243,0.59119632,0.3927102,0.28208516,0.32228292,0.25547643,7.080900284,1.34083638655
4903,2013-09-11,Klant 81,0.01319829,0.0,0.014178481,0.0,0.014318862,0.0,0.01405516,0.47421396,0.094877952,0.0,0.014178481,0.0,0.014318862,0.0,0.01405516,0.0,0.06026364,0.25181884,0.19492293,0.0,0.0,0.083261682,0.0,0.080244153,1.337906453,1.34083638655
4955,2013-11-06,Klant 81,0.0,0.016628444,0.015164746,0.0,0.016311024,0.014714308,0.56356283,0.0,0.01419432,0.0,0.014178481,0.52775019,0.5027784,0.50662864,0.30304949,0.20399445,0.093757278,0.8525951,0.66157929,0.24157881,0.0,0.01268071,0.0,0.013897719,4.57504423,1.34083638655
4983,2013-08-15,Klant 81,0.009213864,0.0,0.013192115,0.0,0.01319829,0.0,0.014178481,0.0,0.01319829,0.0,0.014178481,0.0,0.032622048,0.008852536,0.0,0.01377684,0.0,0.013757338,0.64037333,0.27916218,0.0,0.0,0.014178481,0.0,1.0798822739999998,1.34083638655
5026,2013-12-08,Klant 81,0.23956026,0.003110353,0.0,0.0,0.01419432,0.0,0.015288067,0.0,0.44550336,0.0,0.0,0.69319305,0.012202158,0.0,0.057453648,0.15347871,1.7299608,0.097138678,0.62903103,0.79204851,0.5998977,0.52804164,0.55160443,0.35940663,6.921113344,1.34083638655
5165,2013-09-14,Klant 81,0.01332273,0.01363768,0.0,0.012930885,0.0,0.013757338,0.0,0.012810105,0.048933072,0.0,0.013192115,0.073234854,0.48347898,0.0,0.014178481,0.01377684,0.0,0.22155252,0.023178692,0.0,0.014318862,0.0,0.014178481,0.01377684,1.000258475,1.34083638655
5283,2013-06-03,Klant 81,0.0,0.01268071,0.0,0.012930885,0.0,0.013757338,0.0,0.012810105,0.26832324,0.0,0.0,0.012810105,0.014318862,0.0,0.01405516,0.0,0.038847618,0.0,0.046480705,0.12471723,0.0,0.01363768,0.47577969,1.0761696,2.137318928,1.34083638655
5342,2013-05-31,Klant 81,0.0,0.013757338,0.0,0.014864454,0.0,0.01268071,0.0,0.014864454,0.0,0.013757338,0.017137478,0.022840587,0.0,0.0,0.015041526,0.0,0.015314892,0.0,0.014178481,0.014864454,0.0,0.013757338,0.0,0.28798506,0.47104411,1.34083638655
5343,2013-12-30,Klant 81,0.017182614,0.0,0.015288067,0.0,0.0,0.01268071,0.0,0.01377684,0.0,0.4636821,0.6211399,0.0,0.0,0.01363768,0.0,0.073234854,0.11031708,1.2788314,0.40907929,0.94842792,0.85265676,0.3605616,0.45149121,0.40387941,6.045867435,1.34083638655
5354,2013-05-29,Klant 81,0.0,0.01363768,0.0,0.013897719,0.0,0.013757338,0.0,0.01377684,0.040839882,0.0,0.12822253,0.14260257,0.0,0.12441394,0.003082278,0.0,0.014318862,0.0,0.0,0.01377684,0.016311024,0.0,0.025274644,0.0,0.563912147,1.34083638655
5379,2013-09-08,Klant 81,0.0,0.01268071,0.0,0.013897719,0.0,0.013757338,0.0,0.0,0.27741246,0.0,0.0,0.012930885,0.0,0.01363768,0.41918939,0.0,0.0,0.01268071,0.0,0.013897719,0.0,0.0,0.014178481,0.0,0.804263092,1.34083638655
5650,2013-04-27,Klant 81,0.09288579,0.017585414,0.014178481,0.0,0.014318862,0.0,0.01405516,0.012930885,0.022412154,0.0,0.25854081,0.21885831,0.0,0.014594748,0.51720585,0.41572278,0.0,0.013757338,0.67464869,1.1335698,0.48049038,0.7427763,1.0210999,0.4366296,6.116261252,1.34083638655
5713,2013-12-03,Klant 81,0.0,0.01363768,0.0,0.01377684,0.013447272,0.0,0.013068895,0.0,0.01319829,0.3478804,0.68377202,0.024895035,0.64646478,0.2560054,0.0,0.2276802,0.65667498,0.009809604,0.068796352,0.040605444,0.633267,0.51751448,0.010109898,0.0,4.19060457,1.34083638655
5744,2013-12-04,Klant 81,0.01419432,0.012919928,0.0,0.012810105,0.0,0.01268071,0.013068895,0.42780771,0.01419432,0.066752896,0.77254193,0.34369632,0.46592274,0.11077626,0.0,0.0,0.6519432,0.0,0.079645974,0.12181653,0.1449318,1.1025,0.0,0.15928011,4.527483748,1.34083638655
5852,2013-10-23,Klant 81,0.01332273,0.0,0.015164746,0.0,0.01319829,0.0,0.014178481,0.15940089,0.20494656,0.17346196,0.67871697,0.017885736,0.0,0.0,0.65751101,0.0,0.0,0.01363768,0.0,0.013897719,0.1876392,0.013757338,0.0,0.013897719,2.190617029,1.34083638655
5906,2013-02-09,Klant 81,0.5129886,0.36558606,0.42116192,0.54358128,0.40690452,0.45375274,0.36765414,0.45040644,0.37839144,0.39991938,0.40402424,0.34937595,0.80285118,0.87807608,0.41401112,0.34260831,0.44674776,0.2429665,0.38183252,0.47820168,0.33966816,0.26844748,0.08593383,0.2504007,9.98549203,1.34083638655
5912,2013-05-23,Klant 81,0.6200682,0.47540486,0.51400011,0.45342792,0.39881082,0.39501448,0.37973677,0.32170149,0.54673122,0.21270018,0.28381606,0.026707725,0.0,0.014714308,0.0,0.016798122,0.035734884,0.010766574,0.0,0.37221723,0.032622048,0.19894294,0.0,0.27324099,5.583156931,1.34083638655
5925,2013-11-28,Klant 81,0.12550794,0.0,0.014178481,0.0,0.01419432,0.01280027,0.0,0.01377684,0.41823468,0.0,0.57872798,0.039638709,0.0,0.01268071,0.0,0.013897719,0.012202158,0.01280027,0.0,0.01377684,0.0,0.50579074,0.27370596,0.15637941,2.218293027,1.34083638655
5947,2013-07-13,Klant 81,0.0,0.013757338,0.0,0.012810105,0.0,0.01280027,0.0,0.01377684,0.0,0.01280027,0.0,0.01377684,0.0,0.01280027,0.0,0.013897719,0.0,0.01363768,0.0,0.013897719,0.0,0.0,0.013068895,0.0,0.147023946,1.34083638655
6202,2013-05-07,Klant 81,0.0,0.0,0.014178481,0.0,0.01319829,0.0,0.014178481,0.0,0.014318862,0.91336686,0.00702759,0.0,0.0,0.013757338,0.0,0.01377684,0.0,0.0,0.014178481,0.31481307,0.0,0.014714308,0.008137206,0.012810105,1.368455912,1.34083638655
6310,2013-02-23,Klant 81,0.17132838,0.17633336,0.19899121,0.25547643,0.17643348,0.23614766,0.1828403,0.2673198,0.21727326,0.17142846,0.0,0.1435698,0.096870114,0.16664312,0.14548343,0.14550327,0.14692386,0.20480432,0.18173132,0.17619921,0.23980914,0.1880571,0.14141515,0.20689416,4.237476334,1.34083638655
6338,2013-03-23,Klant 81,0.0,0.01280027,0.0,0.01377684,0.01332273,0.0,0.31907718,0.19505079,0.92923122,1.0730706,1.2322909,0.55929159,0.26321814,0.14989492,0.61916737,0.31976802,0.35597898,0.3507518,0.2030605,0.59989743,0.71917956,0.6674094,0.75639001,0.47034702,9.82297527,1.34083638655
6452,2013-03-27,Klant 81,0.11330568,0.0,0.01405516,0.012930885,0.0,0.01268071,0.013192115,0.0,0.49568124,0.080390576,0.0,0.014864454,0.01419432,0.0,0.022315647,0.37910565,1.2046506,0.5928804,0.20700556,0.41983128,0.44064714,0.05191893,0.28887111,0.38309337,4.761614827,1.34083638655
6682,2013-08-11,Klant 81,0.0,0.01268071,0.0,0.013897719,0.0,0.014714308,0.0,0.28315089,0.0,0.29488494,0.0,0.0,0.014318862,0.0,0.014178481,0.0,0.015314892,0.20970922,0.20096475,0.0653796,0.0,0.01363768,0.0,0.0,1.152832052,1.34083638655
6793,2013-09-16,Klant 81,0.015314892,0.0,0.015164746,0.0,0.015314892,0.014594748,0.32425545,0.009909702,0.014318862,0.018542482,0.0,0.014864454,0.0,0.013757338,0.015164746,0.0,0.74047104,0.0,0.17581272,0.40484664,0.12139938,0.0,0.01923343,0.014864454,1.947829976,1.34083638655
6811,2013-05-02,Klant 81,0.050925336,0.0,0.015164746,0.0,0.01332273,0.01363768,0.0,0.012930885,0.0,0.77615216,0.050426068,0.01196415,0.0,0.01268071,0.0,0.013897719,0.075454092,0.74289586,0.0,0.26236485,0.0,0.01268071,0.17371697,0.2574099,2.495624566,1.34083638655
6841,2013-11-05,Klant 81,0.011206026,0.014714308,0.01405516,0.0,0.015314892,0.013757338,0.33732384,0.78310584,0.0,0.011723642,0.0,0.012930885,0.01319829,0.0,0.014178481,1.0325403,0.78741246,0.69970922,0.46468383,0.27819594,0.37839144,0.25086138,0.30095374,0.19710603,5.631363042,1.34083638655
6868,2013-04-28,Klant 81,0.43865508,0.083261682,0.0,0.013897719,0.0,0.01363768,0.0,0.012930885,0.030505344,0.004904782,0.46764313,0.042659892,0.0,0.01268071,0.29589869,0.0,0.01332273,0.19104708,0.41918939,0.25547643,0.21826878,0.92209964,0.19603292,0.43360812,4.065720684,1.34083638655
6945,2013-03-29,Klant 81,0.055034202,0.0,0.015164746,0.012930885,0.0,0.01363768,0.0,0.012930885,0.3671847,0.32539038,0.60092071,0.009909702,0.41312958,0.0,0.062631817,0.017764857,1.01078634,0.0,0.34546141,0.49306653,0.11828634,0.3146241,0.40390102,0.55143693,5.144192814,1.34083638655
6995,2013-01-29,Klant 81,0.0,0.01363768,0.0,0.013897719,0.0,0.013757338,0.01405516,0.027795438,0.0,0.01363768,0.014178481,0.0,0.71096142,0.27335238,0.32425545,0.37318347,0.46928466,0.38113768,0.2626101,0.40895514,0.1672188,0.14510958,0.097893038,0.0,3.724921214,1.34083638655
7222,2013-11-25,Klant 81,0.01942386,0.0,0.01405516,0.01196415,0.0,0.01363768,0.028356962,0.056436732,0.0,0.25768022,0.016151112,0.0,0.014318862,0.0,0.014178481,0.56726802,0.52319778,1.2367208,0.67168939,0.10103049,0.19174776,0.21258062,0.18086777,0.2305809,4.361886749,1.34083638655
7238,2013-10-07,Klant 81,0.0,0.01268071,0.0,0.013897719,0.0,0.01280027,0.42313445,0.47119248,0.0,0.0118433,0.12723677,0.05148198,0.0,0.013757338,0.0,0.0,0.01419432,0.022609874,0.1190992,0.17426475,0.33966816,0.0,0.0,0.012930885,1.820792206,1.34083638655
7288,2013-03-02,Klant 81,0.65381082,0.38125724,0.39083263,0.007976074,0.0,0.013757338,0.0,0.01377684,0.036730914,0.0,0.22118394,0.61778277,0.9445455,0.45171924,0.24349989,0.29898198,0.31924776,0.21652806,0.23832162,0.35747316,0.33145002,0.17441942,0.17581272,0.26623179,6.355339726,1.34083638655
7331,2013-11-08,Klant 81,0.0,0.0,0.011096163,0.012810105,0.0,0.013757338,0.0,0.012930885,0.3671847,0.0,0.011096163,0.0,0.66190452,0.0,0.017260698,0.39892446,0.60998244,0.56153804,0.41413434,0.24145704,0.39071814,0.21652806,0.12933252,0.10199673,4.172652342,1.34083638655
7348,2013-11-15,Klant 81,0.014318862,0.011723642,0.000986328,0.012930885,0.0,0.01268071,0.013192115,0.40291218,0.55582044,0.0,0.011219484,0.0,0.01319829,0.0,0.90803848,1.1385198,0.79650168,0.88106704,0.31821363,0.071180406,0.21826878,0.82424272,0.0,0.010876437,6.215891909,1.34083638655
7364,2013-08-30,Klant 81,0.01319829,0.0,0.013192115,0.0,0.0,0.01363768,0.0,0.013897719,0.0,0.013757338,0.51202758,0.0,0.0,0.4056612,0.0,0.0,0.01332273,0.0,0.014178481,0.26429832,0.0,0.0,0.013068895,0.0,1.290240348,1.34083638655
7448,2013-10-15,Klant 81,0.0,0.014714308,0.0,0.012930885,0.0,0.01363768,0.013192115,0.0,0.74358408,0.12644744,0.0,0.012810105,0.01332273,0.0,0.013068895,0.0,0.014318862,0.0,0.01405516,0.019819305,0.11019264,0.44884784,0.47676646,0.37717119,2.424879695,1.34083638655
7492,2013-02-08,Klant 81,0.015314892,0.001914058,0.012082529,0.012930885,0.0,0.013757338,0.013068895,0.61681653,0.38648412,0.33232878,0.83825556,0.026707725,0.01332273,0.0,0.16459364,0.026707725,0.0,1.5798188,0.72914324,0.63071415,0.76599654,0.26653354,0.52016515,0.54152703,7.508183857,1.34083638655
7634,2013-11-11,Klant 81,0.064248066,0.013757338,0.0,0.013897719,0.0,0.01268071,0.38281828,0.0,0.012202158,0.0,0.013192115,0.0,0.012202158,0.1077853,0.3394206,0.37910565,0.19585734,0.68104708,0.50006817,0.40291218,0.3202443,0.33412316,0.20503303,0.31880079,4.309396144,1.34083638655
7672,2013-03-14,Klant 81,0.30082044,0.3744384,0.3888601,0.38708109,0.2947188,0.3076857,0.41610687,0.35155197,0.58645002,0.009809604,0.0,0.013897719,0.0,0.01268071,0.014178481,0.0,0.014318862,0.0,0.01405516,0.54358128,0.47214882,0.062805162,0.26963768,0.38514762,5.219974488,1.34083638655
7696,2013-12-16,Klant 81,0.11928186,0.016748004,0.0,0.015710409,0.0,0.0,0.33140625,0.015710409,0.0,0.0,0.43645029,0.12955041,0.155142,0.40386682,0.40587355,0.55445841,0.47015676,0.37348192,0.42313445,0.27118674,0.0,0.0,0.0,0.014018598,4.13617688,1.34083638655
7732,2013-09-20,Klant 81,0.015314892,0.013757338,0.0,0.014864454,0.0,0.01363768,0.014178481,0.40484664,0.33867162,0.0,0.014178481,0.0,0.014318862,0.0,0.015041526,0.013897719,0.01942386,0.0,1.2068995,0.62273772,0.60276084,0.53127172,0.25854081,0.034562979,4.148905122,1.34083638655
7750,2013-06-20,Klant 81,0.014318862,0.0,0.015164746,0.0,0.0,0.013757338,0.37468172,0.0,0.0,0.01268071,0.0,0.007976074,0.006101079,0.0,0.032302224,0.0,0.0,0.01280027,0.0,0.01377684,0.0,0.039238318,0.011096163,0.0,0.5538943439999999,1.34083638655
7917,2013-04-01,Klant 81,0.0,0.0,0.016274433,0.0,0.01419432,0.01280027,0.0,0.012810105,0.5202102,0.60173372,0.020219695,0.014864454,0.02751705,0.0,0.0,0.013897719,0.0,0.01268071,0.33325556,1.537569,0.41923122,0.49586138,0.24140414,0.19299654,4.487520516,1.34083638655
7968,2013-11-12,Klant 81,0.25400346,0.015671376,0.014178481,0.0,0.01419432,0.0,0.013192115,0.88304832,0.0,0.01280027,0.0,0.012810105,0.0,0.01280027,0.01405516,0.0,0.14181876,0.16855706,0.93220374,0.91579851,0.63550794,0.65161866,0.42929949,0.0,5.121558037,1.34083638655
8059,2013-11-09,Klant 81,0.14679942,0.30780526,0.22623899,0.24544575,0.27952896,0.22346646,0.3221597,0.25837614,0.23769264,0.1851857,0.058563234,0.013897719,0.0,0.014714308,1.0695496,0.19807227,0.26209716,0.22729532,0.071755349,0.030695841,0.055034202,0.23327626,0.42621697,0.26828604,5.362153293,1.34083638655
8095,2013-05-20,Klant 81,0.0,0.013757338,0.0,0.013897719,0.0,0.01268071,0.0,0.013897719,0.0,0.24404254,0.0,0.012810105,0.0,0.013757338,0.0,0.012810105,0.0,0.70951902,0.40907929,0.39795822,0.40702896,0.4252808,0.36457162,0.23166891,3.282760394,1.34083638655
8109,2013-07-09,Klant 81,0.015314892,0.0,0.0,0.013897719,0.0,0.013757338,0.0,0.012810105,0.0,0.0,0.014178481,0.0,0.01419432,0.0,0.0,0.013897719,0.0,0.014714308,0.0,0.0,0.014318862,0.0,0.0,0.014864454,0.141948198,1.34083638655
8202,2013-08-31,Klant 81,0.015314892,0.0,0.0,0.013897719,0.0,0.013757338,0.0,0.014864454,0.0,0.035170926,0.28887111,0.0,0.0,0.01280027,0.0,0.014864454,0.076450224,0.49394744,0.0,0.013897719,0.0,0.0,0.01405516,0.014864454,1.02275616,1.34083638655
8251,2013-07-23,Klant 81,0.0,0.015671376,0.0,0.0,0.015314892,0.0,0.0,0.0,0.015190452,0.0,0.0,0.014864454,0.0,0.0,0.0,0.015831288,0.0,0.0,0.0,0.0,0.016435566,0.0,0.0,0.0,0.0933080279999999,1.34083638655
8387,2013-04-22,Klant 81,0.39669432,0.016748004,0.0,0.014864454,0.0,0.01268071,0.014178481,0.0,0.34875738,0.0,0.013192115,0.0,0.014318862,0.0,0.013068895,0.0,0.34788528,0.0,0.013068895,0.0,0.23669712,0.95451902,0.79584364,0.22079178,3.4133089560000007,1.34083638655
8458,2013-09-06,Klant 81,0.0,0.0,0.01405516,0.0,0.0,0.014714308,0.0,0.30695841,0.0,0.30864218,0.0,0.0,0.015314892,0.0,0.0,0.004954831,0.010209996,0.0,0.015164746,0.0,1.043409,0.0,0.0,0.0,1.733423523,1.34083638655
8479,2013-04-12,Klant 81,0.017431596,0.0,0.015041526,0.0,0.014318862,0.01280027,0.0,0.044472681,0.037727046,0.0,0.013192115,0.013897719,0.54262164,0.50172374,0.35150222,0.44146377,0.10409202,0.0,0.3686399,1.1770704,0.54473916,0.292971,0.38183252,0.17329851,5.048836695,1.34083638655
8579,2013-03-06,Klant 81,0.017431596,0.01363768,0.0,0.013897719,0.0,0.01280027,0.013068895,0.0,0.040839882,0.0,0.013068895,0.11480733,0.1194063,0.83883786,0.39490091,0.30490317,0.24790284,1.1251086,0.28480182,0.15142446,0.086660118,0.16664312,0.16668939,0.14248179,4.269312644999999,1.34083638655
8609,2013-02-13,Klant 81,0.0,0.013757338,0.0,0.011843271,0.01332273,0.0,0.077673343,0.58708782,0.7496847,0.26557608,0.089879193,0.0,0.77832324,0.5977853,0.48786232,1.1385198,1.00157268,0.57529528,0.62311243,0.50889762,0.38050794,0.47229532,0.44951868,0.0,8.822515085000001,1.34083638655
8659,2013-02-26,Klant 81,0.017431596,0.0,0.01405516,0.012930885,0.0,0.07153804,0.22315647,0.19505079,0.52631082,0.22741488,0.24645919,0.092087424,0.57213126,0.10981978,0.021206061,0.27614169,0.087780792,0.3174955,0.27678848,0.77815089,0.3752784,0.64874726,0.39995596,0.34949673,5.839428058,1.34083638655
8725,2013-12-13,Klant 81,0.16734324,0.16365216,0.13438757,0.3910698,0.36606474,0.33424272,0.33633808,0.28617138,0.79762164,0.24691394,0.2554593,0.19311732,0.16111818,0.12848192,1.20998,0.17208972,0.22038528,0.40769568,0.0,0.2375901,0.15912612,0.040195288,0.0,0.098129889,6.507174066999999,1.34083638655
8799,2013-08-22,Klant 81,0.014318862,0.0,0.014178481,0.0,0.01419432,0.0,0.0,0.086165739,0.27641592,0.0,0.014178481,0.0,0.0,0.01268071,0.0,0.013897719,0.044824206,0.0,0.0,0.013897719,0.0,0.10874276,0.0,0.50104296,1.114537877,1.34083638655
8841,2013-09-15,Klant 81,0.0,0.013757338,0.0,0.013897719,0.01419432,0.0,0.013192115,0.0,0.014318862,0.01363768,0.44347787,0.27517446,0.25188696,0.0,0.014178481,0.0,0.014318862,0.49873278,0.0,0.063446031,0.0,0.014714308,0.019110109,0.013897719,1.691935614,1.34083638655
8890,2013-11-01,Klant 81,0.01319829,0.01280027,0.02626101,0.012810105,0.01332273,0.02548098,0.01405516,0.4465395,0.43554204,0.008852536,0.01405516,0.027795438,0.01319829,0.02643795,0.01220585,0.012810105,0.028513182,0.56751996,0.77365091,1.1275308,0.35809548,0.36654254,0.17877202,0.1623006,4.678290905999999,1.34083638655
8936,2013-01-04,Klant 81,0.0,0.0,0.0,0.0,0.0,0.0,0.0,0.0,0.0,0.0,0.0,0.0,0.0,0.0,0.0,0.0,0.0,0.0,0.0,0.0,0.0,0.0,0.0,0.0,0.0,1.34083638655
8948,2013-09-03,Klant 81,0.014318862,0.01363768,0.0,0.013897719,0.0,0.013757338,0.0,0.013897719,0.04071534,0.040195288,0.0,0.29209356,0.01319829,0.0,0.014178481,0.013897719,0.0,0.0,0.47664324,0.11879505,0.021416022,0.0,0.013192115,0.0,1.113834423,1.34083638655
9001,2013-08-09,Klant 81,0.0,0.014714308,0.0,0.0,0.01419432,0.0,0.014178481,0.014864454,0.42944142,0.0,0.0,0.012810105,0.0,0.014714308,0.0,0.013897719,0.0,0.1851857,0.36259909,0.0,0.0,0.013757338,0.0,0.01377684,1.1041340830000002,1.34083638655
9145,2013-10-31,Klant 81,0.01332273,0.003947754,0.009000241,0.013897719,0.0,0.01280027,0.0,0.012810105,0.59466816,0.72710414,0.70399121,0.84449673,0.86597898,0.80558058,0.40094273,0.25438842,0.20407446,0.36163862,0.42313445,0.20000574,0.051049776,0.011723642,0.027247275,0.012930885,6.554734617,1.34083638655
9323,2013-10-08,Klant 81,0.0,0.01268071,0.0,0.003988037,0.010209996,0.0,0.01405516,0.38611485,0.3070455,0.0,0.0,0.011843271,0.0,0.013757338,0.0,0.013897719,0.0,0.01363768,0.10405727,0.34152129,0.0,0.0,0.013192115,0.0,1.246000936,1.34083638655
9369,2013-09-04,Klant 81,0.0,0.01363768,0.0,0.013897719,0.0,0.01280027,0.0,0.33257862,0.3172557,0.0,0.0,0.011843271,0.0,0.013757338,0.0,0.0,0.071345226,0.0,0.0,0.013897719,0.0,0.075485872,0.0,0.008942868,0.8854422829999999,1.34083638655
9438,2013-10-22,Klant 81,0.13571814,0.21270018,0.26655516,0.21982554,0.23557614,0.29404802,0.22217071,0.57318921,0.16833978,0.2253804,0.11416737,0.0,0.015314892,0.0,0.012082529,0.0,0.014318862,0.000957031,0.014178481,0.32363496,0.0,0.0,0.056590603,0.0,3.104748008,1.34083638655
9560,2013-09-28,Klant 81,0.0,0.01280027,0.0,0.012810105,0.0,0.013757338,0.012082529,0.0,0.01332273,0.0,0.013068895,0.067313268,0.0,0.011723642,0.0,0.44557227,0.5180937,0.0,0.01923343,0.0,0.01319829,0.0,0.013192115,0.0,1.166168582,1.34083638655
9578,2013-01-31,Klant 81,0.51821814,0.0,0.015041526,0.014864454,0.015314892,0.0,0.015164746,0.019819305,0.01319829,0.0,0.014178481,0.012930885,0.16821534,0.43030526,0.013068895,0.7325901,0.50800794,0.35087136,0.56356283,0.35928585,0.0,0.013757338,0.18888212,0.14260257,4.109880322,1.34083638655
9612,2013-10-26,Klant 81,0.0,0.014594748,0.0,0.013897719,0.0,0.01280027,0.0,0.3514302,0.0,0.01363768,0.30403525,0.0,0.000996093,0.01280027,0.014178481,0.0,0.2630937,0.0,0.0,0.012930885,0.17942106,0.26270468,0.28073354,0.23263515,1.969889726,1.34083638655
9739,2013-05-05,Klant 81,0.01419432,0.0,0.014178481,0.0,0.01319829,0.0,0.014178481,0.0,0.01332273,0.0,0.013068895,0.0,0.014318862,0.0,0.10196152,0.0,0.38561304,0.0,0.091851824,0.024774156,0.0,0.013757338,0.0,0.012810105,0.7272280419999999,1.34083638655
9817,2013-05-14,Klant 81,0.42333978,0.1028804,0.0,0.013897719,0.014318862,0.0,0.01405516,0.0,0.46106652,0.0,0.012082529,0.013897719,0.0,0.34883786,0.0,0.016918902,0.0,0.01268071,0.0,0.013897719,0.01319829,0.0,0.013192115,0.19601802,1.670282305,1.34083638655
9956,2013-08-13,Klant 81,0.014318862,0.0,0.015164746,0.0,0.01419432,0.0,0.014178481,0.0,0.037727046,0.0,0.042412122,0.0,0.015314892,0.0,0.015164746,0.0,0.33867162,0.30373826,0.0,0.013897719,0.0,0.034213858,0.0,0.013897719,0.872894391,1.34083638655
9975,2013-04-07,Klant 81,0.38561304,0.1028804,0.0,0.013897719,0.011206026,0.002871096,0.013192115,0.0,0.01319829,0.035290486,0.67674444,0.24556653,0.20494656,0.016628444,0.0,0.014864454,0.0,0.016748004,0.47060142,0.0,0.3253494,0.35481978,0.18481283,0.6573006,3.746531634,1.34083638655
10098,2013-02-01,Klant 81,0.17132838,0.13817118,0.015164746,0.0,0.014318862,0.01363768,0.0,0.048581577,0.0,0.01268071,0.013192115,0.0,0.43043694,0.96719924,0.55456272,0.39892446,0.73536594,0.55280526,0.22118394,0.0,0.01419432,0.013757338,0.0,0.013897719,4.329403127,1.34083638655
10139,2013-05-12,Klant 81,0.03361818,0.023566942,0.015041526,0.0,0.014318862,0.0,0.014178481,0.0,0.041835912,0.0,0.029220007,0.0,0.01332273,0.68104708,0.0,0.0,0.3121506,0.6751857,0.77069262,0.75530961,0.30903858,0.35876722,0.28677536,0.22574673,4.559816140000001,1.34083638655
10212,2013-08-12,Klant 81,0.014318862,0.0,0.015164746,0.0,0.014318862,0.0,0.01405516,0.26538534,0.2754204,0.0,0.013068895,0.036617427,0.12339144,0.013757338,0.0,0.013897719,0.0,0.01363768,0.17174444,0.29402703,0.006101079,0.0,0.014178481,0.0,1.299084899,1.34083638655
10228,2013-09-19,Klant 81,0.008093261,0.013757338,0.0,0.013897719,0.0,0.01268071,0.013192115,0.0,0.055034202,0.0,0.014178481,0.41378931,0.20395002,0.016748004,0.27765102,0.49004505,0.54274608,0.43796102,0.71212878,0.65041218,0.2703153,0.2831612,0.099002725,0.0,4.528744515,1.34083638655
10233,2013-01-07,Klant 81,0.0,0.0,0.0,0.0,0.0,0.0,0.0,0.0,0.0,0.0,0.0,0.0,0.0,0.0,0.0,0.0,0.0,0.0,0.0,0.0,0.0,0.0,0.0,0.0,0.0,1.34083638655
10307,2013-11-14,Klant 81,0.015314892,0.0,0.014178481,0.01377684,0.0,0.013757338,0.0,0.012930885,0.3100341,0.009809604,0.66059353,0.0,0.01319829,0.0,0.014178481,0.01377684,0.0,0.014714308,0.014178481,0.0,0.014318862,0.01363768,0.014178481,0.0,1.162577093,1.34083638655
10370,2013-05-16,Klant 81,0.076574664,0.0,0.015041526,0.0,0.01332273,0.013757338,0.0,0.048460698,0.0,0.01280027,0.013068895,0.28121742,0.0,0.50662864,0.80089869,0.60787386,0.71805858,0.64779078,0.0667004,0.023686542,0.0,0.014714308,0.0,0.12580425,3.986399591,1.34083638655
10487,2013-07-01,Klant 81,0.014318862,0.0,0.01405516,0.013897719,0.0,0.01280027,0.0,0.01377684,0.37540284,0.0,0.013068895,0.0,0.014318862,0.0,0.014178481,0.0,0.01319829,0.0,0.014178481,0.0,0.28861818,0.023566942,0.013068895,0.0,0.8384487169999999,1.34083638655
10627,2013-04-21,Klant 81,0.4273239,0.016748004,0.0,0.012810105,0.0,0.013757338,0.013068895,0.0,0.01332273,0.32048548,0.055480916,0.0,0.014318862,0.0,0.013068895,0.0,0.015314892,0.15491938,0.32314546,0.23855733,0.56515854,0.46248552,0.41610687,0.21885831,3.294931427,1.34083638655
10651,2013-07-15,Klant 81,0.0,0.0,0.013068895,0.0,0.014318862,0.0,0.014178481,0.0,0.01319829,0.0,0.014178481,0.0,0.01332273,0.0,0.0,0.014743674,0.0,0.013757338,0.0,0.0,0.014318862,0.0,0.01405516,0.0,0.139140773,1.34083638655
10722,2013-08-16,Klant 81,0.01419432,0.0,0.014178481,0.0,0.014318862,0.0,0.01405516,0.024774156,0.0,0.0,0.014178481,0.020786139,0.0,0.013757338,0.0,0.0,0.37129428,0.029309056,0.21822464,0.0,0.0,0.01268071,0.0,0.013897719,0.7756493419999999,1.34083638655
10723,2013-10-03,Klant 81,0.01332273,0.01268071,0.0,0.012930885,0.0,0.01268071,0.013192115,0.0,0.44674776,0.0,0.012082529,0.69198525,0.0,0.0118433,0.031315959,0.0,0.89959716,0.0,0.012082529,0.1208493,0.0,0.011723642,0.0,0.013897719,2.316932298,1.34083638655
10743,2013-11-07,Klant 81,0.0,0.013757338,0.015164746,0.0,0.01419432,0.014714308,0.0,0.013897719,0.55893348,0.0,0.013192115,0.58007862,0.0,0.011723642,0.099002725,0.56231307,0.0,0.735,0.31414535,0.19601802,0.1172898,0.0,0.013192115,0.4751802,3.747797568,1.34083638655
10788,2013-09-25,Klant 81,0.014318862,0.0,0.013192115,0.0,0.01419432,0.0,0.013192115,0.48907881,0.0,0.01268071,0.33633808,0.009909702,0.0,0.013757338,0.0,0.012810105,0.18054204,0.0,0.046480705,0.029729007,0.063251934,0.0,0.0,0.012810105,1.2622859479999995,1.34083638655
10869,2013-06-08,Klant 81,0.0,0.014714308,0.0,0.013897719,0.0,0.013757338,0.0,0.012810105,0.0,0.013757338,0.022192427,0.036617427,0.0,0.0,0.014178481,0.0,0.014318862,0.0,0.99076657,0.0,0.0,0.01268071,0.0,0.013897719,1.173589004,1.34083638655
10931,2013-02-10,Klant 81,0.3202443,0.041272014,0.0,0.01377684,0.0,0.01280027,0.0,0.026707725,0.58346142,0.2597147,0.29281617,0.47228049,0.63339144,0.33424272,0.038343539,0.88304832,0.70386426,0.46152806,0.63938757,0.79881615,0.68655792,0.1225,0.017137478,0.0,7.341891386,1.34083638655
11007,2013-06-15,Klant 81,0.014318862,0.0,0.013192115,0.0,0.01419432,0.0,0.013192115,0.0,0.01419432,0.0,0.014178481,0.024774156,0.0,0.013757338,0.0,0.014743674,0.42333978,0.84673372,0.0,0.013897719,0.017307156,0.01268071,0.0,0.014864454,1.4653689200000002,1.34083638655
11304,2013-04-14,Klant 81,0.0,0.013757338,0.0,0.012810105,0.0,0.01280027,0.014178481,0.0,0.050925336,0.0,0.51313757,0.09994248,0.0,0.013757338,0.0,0.013897719,1.2147384,0.0,0.0,0.011843271,0.0,0.2666531,0.17371697,0.0,2.412158378,1.34083638655
11335,2013-07-28,Klant 81,0.0,0.013757338,0.0,0.0,0.015314892,0.0,0.014178481,0.0,0.015190452,0.0,0.014178481,0.019819305,0.41823468,0.0,0.01405516,0.090153855,0.17444142,0.0,0.0,0.01377684,0.0,0.0,0.015164746,0.0,0.8182656500000001,1.34083638655
11382,2013-04-26,Klant 81,0.018303186,0.0,0.015164746,0.0,0.014318862,0.013757338,0.022192427,0.005921636,0.070349094,0.0,0.014178481,0.013897719,0.071345226,0.0,0.013068895,0.020786139,0.0,0.014714308,0.76255505,0.48122316,0.80372328,0.55364218,0.64740091,0.48907881,4.045621447,1.34083638655
11395,2013-06-12,Klant 81,0.01332273,0.0,0.0,0.012810105,0.0,0.013757338,0.0,0.013897719,0.47426532,0.0,0.012082529,0.0,0.0,0.024523912,0.0,0.0,0.069353064,0.069624002,0.0,0.014864454,0.4507329,0.47241488,0.0,0.0,1.641648953,1.34083638655
11410,2013-12-14,Klant 81,0.018178746,0.0,0.015288067,0.0,0.0,0.01363768,0.0,0.78793902,0.1479204,0.16078076,0.45149121,0.009909702,0.0,0.20671924,0.34644818,0.2545092,0.67211472,0.26653354,0.040439491,0.57016872,0.28164546,0.28423822,0.2322798,0.031662576,4.791904732000001,1.34083638655
11559,2013-10-28,Klant 81,0.016311024,0.0,0.015164746,0.0,0.014318862,0.0,0.46160131,0.43058763,0.0,0.0,0.015164746,0.015831288,0.0,0.016628444,0.002095952,0.01377684,0.016435566,0.61345746,1.1523999,0.79192773,0.79662612,0.78213408,0.63827758,0.0,5.792739278,1.34083638655
11931,2013-06-06,Klant 81,0.01419432,0.0,0.014178481,0.0,0.014318862,0.0,0.036370807,0.022719708,0.29994834,0.0,0.013068895,0.0,0.014318862,0.0,0.0,0.093054159,1.1555886,0.47923372,0.0,0.0,0.014318862,0.036247554,0.004068603,0.0,2.211629773,1.34083638655
12017,2013-01-02,Klant 81,0.0,0.0,0.0,0.0,0.0,0.0,0.0,0.0,0.0,0.0,0.0,0.0,0.0,0.0,0.0,0.0,0.0,0.0,0.0,0.0,0.0,0.0,0.0,0.0,0.0,1.34083638655
12047,2013-03-03,Klant 81,0.41923122,0.21365764,0.3293105,0.33257862,0.2498949,0.25289586,0.29491192,0.30889188,0.27442386,0.67913314,0.25644506,0.24955425,0.25089144,0.12441394,0.074837667,0.0,0.01419432,0.1343433,0.17877202,0.13257189,0.015314892,0.20480432,0.20207373,0.12568347,5.318829838999999,1.34083638655
12081,2013-06-28,Klant 81,0.0,0.01363768,0.0,0.013897719,0.014318862,0.0,0.013068895,0.013897719,0.02652102,0.0,0.014178481,0.01377684,0.51921366,0.0,0.013068895,0.0,0.37029774,0.0,0.012082529,0.017885736,0.014318862,0.65365216,0.077673343,0.0,1.801490141,1.34083638655
12269,2013-12-26,Klant 81,0.043828176,0.0,0.0,0.012810105,0.0,0.0,0.013068895,0.0,0.013447272,0.0,0.25348677,0.25547643,0.96994656,0.41439496,0.36272231,0.39010257,1.01377392,0.95655252,0.15756606,0.22671396,0.28139658,1.3446286,0.24337667,0.88800327,7.841295628,1.34083638655
12270,2013-07-25,Klant 81,0.0,0.014714308,0.0,0.0,0.015314892,0.0,0.014178481,0.0,0.0,0.014714308,0.0,0.0,0.015314892,0.0,0.0,0.014864454,0.0,0.0,0.0,0.014743674,0.0,0.0,0.015164746,0.0,0.119009755,1.34083638655
12397,2013-12-05,Klant 81,0.0,0.015791034,0.0,0.014743674,0.0,0.015791034,0.0,0.52255368,0.23159202,0.68595198,0.16175756,0.11770704,0.65393526,0.35457968,0.039453125,0.14163534,0.32846142,0.28519568,0.11096163,0.0,0.017431596,0.66154802,0.2381984,0.35553969,4.952827863,1.34083638655
12496,2013-08-21,Klant 81,0.0,0.013757338,0.0,0.01377684,0.0,0.01280027,0.0,0.27626247,0.26819778,0.12441394,0.20712878,0.0,0.012202158,0.046057158,0.0,0.070334451,0.30194142,0.0,0.0,0.01377684,0.0,0.036247554,0.0,0.0,1.396896999,1.34083638655
12523,2013-01-09,Klant 81,0.0,0.0,0.0,0.0,0.0,0.0,0.0,0.0,0.0,0.0,0.0,0.0,0.0,0.0,0.000986328,0.008942868,0.55077756,0.75067118,1.00297242,1.0781001,0.96490368,0.79870196,0.80194606,0.66920436,6.627206516000001,1.34083638655
12626,2013-03-08,Klant 81,0.23470506,0.2253804,0.018123743,0.007009279,0.00709717,0.013757338,0.32918728,0.012930885,0.0,0.01268071,0.013192115,0.0,0.01319829,0.01280027,0.53520607,0.59506326,0.47326878,0.45865764,0.44434041,0.19807227,0.48347898,0.7378714,0.49895919,0.40001247,5.72499301,1.34083638655
12714,2013-10-13,Klant 81,0.014318862,0.013757338,0.0,0.01377684,0.0,0.01280027,0.0,0.23662386,0.02041989,0.005861821,0.0,0.01377684,0.014318862,0.0,0.014178481,0.59699673,1.32804,1.422862,1.03626,0.93948525,0.6477102,0.41463408,0.3715992,0.22478049,7.342201014,1.34083638655
12757,2013-04-30,Klant 81,0.059143068,0.0,0.015164746,0.012930885,0.0,0.01363768,0.005054929,0.008942868,0.040839882,0.046057158,0.0,0.01377684,0.0,0.013757338,0.0,0.013897719,0.0,0.022490216,0.03328859,0.31191237,0.5671506,0.45076178,0.95242293,0.61778277,3.199012369,1.34083638655
12782,2013-09-24,Klant 81,0.0,0.01280027,0.0,0.012810105,0.0,0.013757338,0.014178481,0.0,0.28152102,0.33508062,0.25459575,0.0,0.012202158,0.0,0.014178481,0.0,0.1049631,0.0,0.0,0.15347871,0.42333978,0.0,0.013068895,0.0,1.645974708,1.34083638655
12979,2013-09-07,Klant 81,0.014318862,0.0,0.0,0.013897719,0.0,0.01363768,0.0,0.0,0.015314892,0.0,0.29491192,0.0,0.082675794,0.007775879,0.0,0.0,0.052045908,0.51847194,0.0,0.0,0.01419432,0.0,0.014178481,0.0,1.0414233949999998,1.34083638655
13159,2013-01-05,Klant 81,0.0,0.0,0.0,0.0,0.0,0.0,0.0,0.0,0.0,0.0,0.0,0.0,0.0,0.0,0.0,0.0,0.0,0.0,0.0,0.0,0.0,0.0,0.0,0.0,0.0,1.34083638655
13204,2013-07-10,Klant 81,0.0,0.01363768,0.0,0.013897719,0.0,0.0,0.014178481,0.0,0.01419432,0.0,0.014178481,0.0,0.015314892,0.0,0.014178481,0.0,0.015190452,0.0,0.0,0.013897719,0.0,0.013757338,0.0,0.013897719,0.156323282,1.34083638655
13457,2013-03-07,Klant 81,0.0,0.014714308,0.0,0.012930885,0.0,0.01363768,0.013192115,0.0,0.38660856,0.0,0.67267616,0.20592792,0.65480736,0.3174955,0.4353403,0.27710793,0.29994834,0.3478804,0.34546141,0.056436732,0.089772954,0.15180886,0.11219484,0.003867188,4.411809442,1.34083638655
13573,2013-05-17,Klant 81,0.0,0.01363768,0.013192115,0.0,0.01419432,0.0,0.033411911,0.008942868,0.0,0.01363768,0.014178481,0.0,0.025524888,0.0,0.01405516,0.013897719,0.0,0.013757338,0.68278525,0.58599981,0.3846165,0.77902356,0.3394206,0.66032208,3.61059796,1.34083638655
13595,2013-04-29,Klant 81,0.34477326,0.023447284,0.0,0.013897719,0.0,0.014714308,0.01405516,0.0,0.30293694,0.0,0.033411911,0.01377684,0.0,0.014714308,0.0,0.013897719,0.2447898,0.0,0.013192115,0.0,0.5701392,0.16173822,0.61707162,0.27420822,2.6707646240000003,1.34083638655
13606,2013-06-01,Klant 81,0.096994656,0.037204622,0.0,0.013897719,0.0,0.014714308,0.01405516,0.0,0.014318862,0.013757338,0.33226879,0.22961466,0.0,0.029428714,1.0656005,0.053415549,0.092761248,0.034333516,0.020219695,1.4790798,0.24379428,0.27729982,0.017137478,0.060424848,4.1403215630000005,1.34083638655
13620,2013-01-22,Klant 81,0.0,0.0,0.013130505,0.0,0.11828634,0.37138766,0.56664535,0.34055406,0.87320058,0.58498552,0.46665636,0.6573006,1.0241106,0.82029528,1.1008697,0.94552722,0.76998066,0.81742388,0.40094273,0.62962614,0.2498949,0.37539586,0.91901112,0.66926475,12.714489815,1.34083638655
13772,2013-03-26,Klant 81,0.035734884,0.013757338,0.0,0.012810105,0.01332273,0.01268071,0.0,0.012930885,1.3341396,0.49,0.062631817,0.01377684,0.0,0.032419478,0.0,0.14550327,0.0,0.010766574,0.77167838,0.64545822,1.1005596,0.90846196,0.73826657,0.74153277,7.096431731,1.34083638655
13968,2013-09-22,Klant 81,0.012202158,0.0,0.014178481,0.012930885,0.0,0.01363768,0.0,0.052448715,0.028637724,0.002871096,0.0,0.013897719,0.0,0.013757338,0.0,0.01377684,0.0,0.013757338,0.0,0.013897719,0.0,0.013757338,0.0,0.01377684,0.233527871,1.34083638655
14028,2013-02-20,Klant 81,0.096870114,0.1753759,0.12020919,0.12677148,0.16012164,0.15970472,0.19196363,0.14743674,0.20195796,0.13530076,0.15349778,0.14949099,0.0,0.01280027,0.013068895,0.0,0.012202158,0.01280027,0.012082529,0.0,0.04694091,0.20875274,0.1363601,0.15444594,2.428154716,1.34083638655
14141,2013-09-05,Klant 81,0.003984375,0.0,0.014178481,0.0,0.014318862,0.0,0.013068895,0.41584356,0.0,0.36654254,0.0,0.012810105,0.0,0.0,0.014178481,0.0,0.01419432,0.0,0.0,0.17631999,0.0,0.0,0.0,0.014864454,1.060304063,1.34083638655
14207,2013-07-02,Klant 81,0.014318862,0.0,0.013192115,0.0,0.01319829,0.0,0.020219695,0.0,0.61919712,0.0,0.012082529,0.0,0.01319829,0.0,0.014178481,0.0,0.0,0.013757338,0.0,0.01377684,0.0673608,0.0,0.0,0.012930885,0.8274112450000001,1.34083638655
14212,2013-12-22,Klant 81,0.31924776,0.25002446,0.14942849,0.31590108,0.27019086,0.16772014,0.14745596,0.21172833,0.58445796,0.2088723,0.24337667,0.22163823,1.4199318,0.53019568,0.23425334,0.10199673,0.15414546,0.61632788,0.24732173,0.0,0.0,0.0,0.014301802,0.0,6.408516662,1.34083638655
14258,2013-06-30,Klant 81,0.28363752,0.0,0.01405516,0.0,0.014318862,0.0,0.013068895,0.013897719,0.3773949,0.0,0.012082529,0.0,0.014318862,0.0,0.014178481,0.0,0.01419432,0.37049096,0.0,0.012930885,0.0,0.0,0.013068895,0.0,1.167637988,1.34083638655
14400,2013-08-20,Klant 81,0.014318862,0.0,0.014178481,0.0,0.01419432,0.0,0.0,0.012930885,0.0,0.013757338,0.0,0.27517446,0.39980736,0.0,0.0,0.013897719,0.0,0.0,0.014178481,0.0,0.01419432,0.0,0.0,0.013897719,0.800529945,1.34083638655
14406,2013-07-30,Klant 81,0.015314892,0.0,0.0,0.013897719,0.0,0.014714308,0.0,0.21088287,0.15302448,0.0,0.013068895,0.015831288,0.0,0.0,0.015164746,0.0,0.22138182,0.35374276,0.0,0.0,0.043828176,0.013757338,0.014178481,0.0,1.098787773,1.34083638655
14484,2013-08-17,Klant 81,0.0,0.0,0.014178481,0.0,0.01419432,0.0,0.014178481,0.35844039,0.018303186,0.0,0.024288379,0.0,0.01319829,0.0,0.0,0.014864454,0.28861818,0.009809604,0.0,0.0,0.015314892,0.0,0.014178481,0.0,0.7995671379999999,1.34083638655
14543,2013-10-16,Klant 81,0.47625738,0.40374726,0.37172242,0.32871069,0.29372328,0.2470335,0.22217071,0.32568921,0.36108408,0.47229532,0.53434353,0.026707725,0.0,0.01280027,0.0,0.012810105,0.041835912,0.0,0.015164746,0.29003931,0.035734884,0.0,0.010109898,0.003988037,4.485968267,1.34083638655
14554,2013-09-02,Klant 81,0.0,0.013757338,0.014178481,0.0,0.015314892,0.0,0.034274855,0.0,0.015314892,0.0,0.014178481,0.031662576,0.0,0.013757338,0.0,0.01377684,0.015314892,0.0,0.10504404,0.71083782,0.088776822,0.0,0.013068895,0.0,1.099258162,1.34083638655
14657,2013-08-26,Klant 81,0.01332273,0.0,0.01405516,0.0,0.0,0.013757338,0.0,0.20193921,0.15812958,0.00681885,0.0,0.0,0.052045908,0.0,0.011096163,0.009909702,0.0,0.014714308,0.0,0.0,0.024528858,0.245,0.0,0.0,0.7653178070000001,1.34083638655
14672,2013-04-15,Klant 81,0.01419432,0.0,0.014178481,0.0,0.01332273,0.0,0.01405516,0.47324673,0.029633754,0.0,0.01405516,0.0,0.01332273,0.0,0.014178481,0.0,0.01419432,0.66549546,0.40192849,0.20689416,0.29073468,0.35374276,0.40501101,0.23070168,3.168890106,1.34083638655
14703,2013-04-16,Klant 81,0.0,0.014714308,0.0,0.012810105,0.0,0.013757338,0.0,0.012810105,0.5325369,0.0,0.012082529,0.0,0.01319829,0.0,0.76366504,0.0,0.01319829,0.0,0.17679949,0.62757189,0.42134772,0.55364218,0.45149121,0.28810584,3.907731235,1.34083638655
14711,2013-02-15,Klant 81,0.015314892,0.0,0.013068895,0.012930885,0.01319829,0.0,0.16668939,0.18115317,0.2447898,0.15001448,0.11404415,0.28315089,0.6579204,0.046057158,0.008137206,0.0,0.01319829,0.013757338,0.0,0.012810105,0.0123267,0.0,0.013068895,0.0,1.971630934,1.34083638655
14802,2013-09-17,Klant 81,0.0,0.01363768,0.0,0.013897719,0.015314892,0.0,0.015164746,0.01377684,0.2396847,0.003947754,0.0,0.013897719,0.3978153,0.0,0.01405516,0.22876821,0.0,0.16652356,0.033411911,0.013897719,0.0,0.01268071,0.40809353,0.0,1.60456815,1.34083638655
14928,2013-07-19,Klant 81,0.0,0.014714308,0.0,0.0,0.014318862,0.0,0.01405516,0.0,0.0,0.013757338,0.0,0.013897719,0.0,0.0,0.01405516,0.0,0.0,0.015671376,0.0,0.0,0.014318862,0.0,0.0,0.014864454,0.129653239,1.34083638655
14930,2013-05-26,Klant 81,0.015314892,0.0,0.015164746,0.014864454,0.0,0.01363768,0.015164746,0.0,0.045944778,0.1851857,0.25952758,0.35445168,0.02751705,0.016748004,0.016151112,0.0,0.015314892,0.0,0.71397809,0.18417465,0.39370572,0.36558606,0.44532718,0.25849692,3.356255934,1.34083638655
14977,2013-05-28,Klant 81,0.002116704,0.0,0.01405516,0.0,0.01332273,0.0,0.014178481,0.0,0.083547384,0.0,0.008137206,0.062358417,0.035734884,0.0,0.088892827,0.036617427,0.058146936,0.001914058,0.078782929,0.073234854,0.0,0.0,0.097029993,0.0,0.66806999,1.34083638655
15475,2013-12-06,Klant 81,0.30380904,0.0,0.018247064,0.016918902,0.0,0.015551718,0.017260698,0.0,0.016186482,0.015791034,0.40390102,0.83676285,0.03461421,0.0,1.0413201,0.66032208,0.58844208,0.70461412,1.3313012,0.63446031,0.047065452,0.68882338,0.67070262,0.0,8.04609436,1.34083638655
15511,2013-07-16,Klant 81,0.0,0.013757338,0.0,0.013897719,0.0,0.01268071,0.0,0.013897719,0.0,0.0,0.014178481,0.0,0.01419432,0.0,0.0,0.013897719,0.0,0.013757338,0.0,0.0,0.01419432,0.0,0.015164746,0.0,0.1396204099999999,1.34083638655
15530,2013-02-28,Klant 81,0.33145002,0.40279078,0.29293939,0.3157803,0.24279774,0.33113318,0.70904626,0.40194594,0.22648692,0.39884236,0.21304738,0.26828604,0.2601051,0.15683332,0.27580171,0.68799654,0.017307156,0.0,0.91716181,0.63953604,0.73026084,0.3773098,0.035384542,0.022719708,8.254962876,1.34083638655
15756,2013-07-17,Klant 81,0.0,0.013757338,0.0,0.013897719,0.0,0.01363768,0.0,0.0,0.01332273,0.0,0.014178481,0.0,0.01419432,0.0,0.0,0.013897719,0.0,0.0,0.015164746,0.0,0.0,0.013757338,0.0,0.0,0.125808071,1.34083638655
16005,2013-01-17,Klant 81,0.70174776,0.37043118,0.52115091,0.50194881,0.42533184,0.50567118,0.48786232,0.49892733,0.39986958,0.6526359,0.19190202,0.15148485,0.12345366,0.049945112,0.12322909,0.55240317,0.51410856,0.34106156,1.0473599,0.71277129,0.34477326,0.46942392,0.42825111,0.3187404,10.434484712,1.34083638655
16103,2013-12-18,Klant 81,0.017431596,0.0,0.015041526,0.0,0.0,0.013876996,0.0,0.039396951,0.0,0.0,0.013315436,0.43940952,0.10409202,0.083261682,0.62730494,0.071301285,0.0,0.71250998,0.38565436,0.12882573,0.056030232,0.0,0.16373009,0.016677243,2.8878595870000003,1.34083638655
16131,2013-06-27,Klant 81,0.0,0.013757338,0.0,0.012930885,0.0,0.01363768,0.0,0.045560295,0.049929204,0.0,0.014178481,0.0,0.014318862,0.014714308,0.72815647,0.0,0.014318862,0.0,0.015164746,0.0,0.01419432,0.01280027,0.0,0.013897719,0.9775594399999998,1.34083638655
16166,2013-07-11,Klant 81,0.0,0.01363768,0.0,0.013897719,0.0,0.013757338,0.0,0.01377684,0.0,0.013757338,0.0,0.012810105,0.0,0.013757338,0.0,0.013897719,0.0,0.013757338,0.0,0.01377684,0.0,0.013757338,0.0,0.012810105,0.163393698,1.34083638655
16297,2013-10-09,Klant 81,0.014318862,0.0,0.01405516,0.0,0.0,0.01280027,0.0,0.049427532,0.0,0.01280027,0.024288379,0.01377684,0.0,0.013757338,0.0,0.013897719,0.01419432,0.5977853,0.38380505,0.49705425,0.0,0.089123552,0.0,0.013897719,1.7649825609999998,1.34083638655
16668,2013-02-14,Klant 81,0.016311024,0.01363768,0.0,0.012930885,0.01319829,0.0,0.013192115,0.15045822,0.89349654,0.84182882,0.68685454,0.58998753,1.2903102,0.52433332,0.69585465,0.68509683,0.6426051,0.60364766,0.32721475,0.0,0.20805858,1.5631882,0.2322798,0.0,10.004484734,1.34083638655
16882,2013-07-04,Klant 81,0.0,0.01280027,0.0,0.01377684,0.0,0.01280027,0.0,0.01377684,0.0,0.017705072,0.76551435,0.063446031,0.000996093,0.0,0.013068895,0.0,0.014318862,0.000957031,0.014178481,0.0,0.014318862,0.0,0.01405516,0.0,0.971713057,1.34083638655
16902,2013-10-01,Klant 81,0.0,0.01268071,0.013192115,0.0,0.01319829,0.0,0.013192115,0.33656634,0.035734884,0.0,0.013068895,0.0,0.014318862,0.0,0.013068895,0.0,0.01332273,0.01363768,0.0,0.012930885,0.687429,0.0,0.0,0.01196415,1.2043055510000005,1.34083638655
16976,2013-06-14,Klant 81,0.0,0.014714308,0.010109898,0.004954831,0.014318862,0.0,0.01405516,0.0,0.39582324,0.0,0.013068895,0.0,0.014318862,0.0,0.014178481,0.0,1.3310286,0.0,0.0,0.012930885,0.0,0.01363768,0.0,0.0,1.853139702,1.34083638655
16995,2013-10-14,Klant 81,0.0,0.014714308,0.0,0.01377684,0.0,0.01280027,0.014178481,0.4098006,0.0,0.46451902,0.0,0.017885736,0.0,0.01268071,0.0,0.012930885,0.01319829,0.22143296,0.47676646,0.79301475,0.58856652,0.5047147,0.3715992,0.18610812,4.12868785,1.34083638655
17074,2013-12-12,Klant 81,0.0,0.0,0.0,0.01377684,0.0,0.0,0.014301802,0.39977091,1.053864,0.4036277,0.5121508,0.017885736,0.0,0.0,0.024165058,0.0,0.71917956,0.0,0.084824244,0.16725555,0.1377102,0.118433,0.20121119,0.10078893,3.96894552,1.34083638655
17087,2013-06-13,Klant 81,0.01319829,0.0,0.014178481,0.0,0.014318862,0.0,0.015164746,0.035650593,0.24379428,0.0,0.01405516,0.0,0.015314892,0.0,0.015164746,0.0,0.015314892,0.0,0.015164746,0.0,0.44973636,0.0,0.0,0.013897719,0.874953767,1.34083638655
17108,2013-11-21,Klant 81,0.63040284,0.76825728,0.58587878,0.46829178,0.51,0.56835688,0.43028525,0.32967792,0.24877392,0.0,0.25558252,0.003988037,0.00709717,0.005861821,0.014178481,0.73162386,0.0,0.32539038,0.39391515,0.47022624,0.059143068,0.069504442,0.35557151,0.30695841,7.538965739,1.34083638655
17153,2013-01-18,Klant 81,0.41518386,0.2978759,0.40605939,0.37022238,0.47432754,0.43706432,0.37474333,0.49796109,0.4814247,0.32927902,0.3888601,0.63458109,0.70174776,0.40572098,0.16360687,0.75537,0.86597898,0.49299096,0.51202758,0.75343653,1.372869,0.90654802,0.81199455,0.99495,13.84482395,1.34083638655
17159,2013-12-21,Klant 81,0.07445796,0.0,0.017260698,0.0,0.015190452,0.0,0.0,0.014985333,0.0,0.014594748,0.65344273,0.82878642,1.1106474,0.18040036,0.0,0.0,0.015190452,0.0,0.0,0.10900593,0.040839882,1.5307698,0.43324455,0.67699962,5.715816335,1.34083638655
17256,2013-04-18,Klant 81,0.015314892,0.013757338,0.0,0.01377684,0.0,0.013757338,0.0,0.013897719,0.01419432,0.4244429,0.59081061,0.33958782,0.0,0.01363768,0.0,0.014864454,0.0,0.65365216,0.86969484,0.0,0.078442386,0.33029528,0.29799444,0.43058763,4.128708647,1.34083638655
17263,2013-05-06,Klant 81,0.0,0.01280027,0.0,0.0,0.01419432,0.0,0.013192115,0.0,0.01319829,0.0,0.68488201,0.0,0.0,0.01268071,0.0,0.0,0.014318862,0.0,0.015164746,0.0,0.0,0.014714308,0.0,0.01377684,0.808922471,1.34083638655
17297,2013-03-19,Klant 81,0.02652102,0.01363768,0.0,0.013897719,0.0,0.013757338,0.013068895,0.03262941,0.49480914,0.0,0.013068895,0.012930885,0.66601308,0.80354708,0.96869706,0.64739169,0.5701392,0.43413314,0.6384008,0.19505079,0.32734146,0.37144744,0.31007707,0.22973544,6.796295232,1.34083638655
17304,2013-09-26,Klant 81,0.014318862,0.0,0.014178481,0.0,0.01419432,0.0,0.014178481,0.45040644,0.33867162,0.003947754,0.0,0.012810105,0.0,0.01280027,0.0,0.012810105,0.01332273,0.31067666,0.0,0.31868001,0.29994834,0.15192842,0.068673132,0.0,2.05154573,1.34083638655
17406,2013-05-03,Klant 81,0.091765116,0.013757338,0.00702759,0.001087644,0.012202158,0.01268071,0.0,0.030695841,0.006101079,1.6052988,0.0,0.037584261,0.0,0.0,0.068673132,0.39699099,0.010209996,0.0,0.1828403,0.0,0.0,0.01268071,0.61312656,0.0,3.102722225,1.34083638655
17650,2013-12-28,Klant 81,0.0,0.015551718,0.0,0.0,0.015439434,0.0,0.01405516,0.64847871,0.050053746,0.11460414,0.63519506,0.014985333,0.0,0.38807608,0.48971163,0.37632573,0.87108408,0.7280616,1.1594295,0.084111291,0.0,0.0,0.014301802,0.0,5.619465013999999,1.34083638655
17658,2013-01-01,Klant 81,0.0,0.0,0.0,0.0,0.0,0.0,0.0,0.0,0.0,0.0,0.0,0.0,0.0,0.0,0.0,0.0,0.0,0.0,0.0,0.0,0.0,0.0,0.0,0.0,0.0,1.34083638655
17678,2013-06-10,Klant 81,0.014318862,0.0,0.01405516,0.0,0.014318862,0.0,0.013068895,0.024774156,0.011206026,0.0,0.014178481,0.0,0.22536594,0.0,0.057576868,0.0,0.082675794,0.0,0.39391515,0.52859664,0.25101588,0.4752853,0.59586566,0.88401456,3.6002322339999995,1.34083638655
17705,2013-01-08,Klant 81,0.0,0.0,0.0,0.0,0.0,0.0,0.0,0.0,0.0,0.0,0.0,0.0,0.0,0.0,0.0,0.0,0.0,0.0,0.0,0.0,0.0,0.0,0.0,0.0,0.0,1.34083638655
17706,2013-10-06,Klant 81,0.0,0.01268071,0.0,0.013897719,0.0,0.01280027,0.0,0.012810105,0.0,0.033376448,0.0,0.012810105,0.0,0.14020468,0.0,0.0,0.01419432,0.0,0.060659186,0.078189705,0.0,0.01268071,0.0,0.012930885,0.417234843,1.34083638655
17761,2013-08-08,Klant 81,0.014318862,0.0,0.0,0.014864454,0.0,0.01363768,0.0,0.24061158,0.075454092,0.0,0.31611788,0.0,0.0,0.014714308,0.031315959,0.0,0.19174776,0.0,0.0,0.0,0.014318862,0.0,0.0,0.013897719,0.940999156,1.34083638655
17835,2013-08-10,Klant 81,0.0,0.0118433,0.0,0.01377684,0.0,0.013757338,0.0,0.014864454,0.0,0.011723642,0.0,0.014864454,0.02751705,0.0,0.016151112,0.0,0.015314892,0.39202352,0.054494651,0.0,0.015314892,0.0,0.22327969,0.0,0.8249258350000002,1.34083638655
17945,2013-11-20,Klant 81,0.012202158,0.0,0.014178481,0.001933589,0.011206026,0.0118433,0.52016515,0.0,0.0,0.011723642,0.80398121,0.38804832,1.1066592,0.59981978,0.50191748,0.69693921,0.8221506,0.86922374,0.68081272,0.41584356,0.43342554,0.57529528,0.54938445,0.60291891,9.629672346,1.34083638655
18106,2013-04-02,Klant 81,0.088776822,0.0,0.01405516,0.013897719,0.0,0.01280027,0.0,0.49294575,0.62529774,0.22932882,0.025274644,0.01377684,0.0,0.013757338,0.0,0.013897719,0.0,0.01363768,0.44742293,0.49403277,1.4494404,0.46057158,0.0,0.012930885,4.4218450670000005,1.34083638655
18113,2013-07-31,Klant 81,0.015314892,0.0,0.015041526,0.0,0.014318862,0.0,0.014178481,0.0,0.015314892,0.0,0.0,0.01377684,0.7496847,0.0,0.0,0.013897719,0.0,0.082304712,0.09998899,0.21088287,0.12550794,0.0,0.0,0.012810105,1.383022529,1.34083638655
18141,2013-02-16,Klant 81,0.01332273,0.01268071,0.0,0.012810105,0.01332273,0.0,0.012082529,0.012930885,0.0,0.011723642,0.013192115,0.0,0.012202158,0.01268071,0.0,0.012930885,0.012202158,0.0,0.013192115,0.011843271,0.0,0.011723642,0.013192115,0.0,0.2020325,1.34083638655
18231,2013-05-24,Klant 81,0.16423122,0.075485872,0.0,0.014864454,0.01419432,0.0,0.014178481,0.03262941,0.0,0.01280027,0.0,0.013897719,0.0,0.01268071,0.64740091,0.0,0.0123267,0.0,0.013068895,0.056436732,0.24578634,0.25576628,0.25866504,0.27118674,2.115600093,1.34083638655
18238,2013-04-11,Klant 81,0.023532726,0.0,0.01405516,0.012930885,0.0,0.013757338,0.039329804,0.003021242,0.071345226,0.01280027,0.0,0.012810105,0.45185286,1.00058,0.94342282,0.57415644,0.4498608,0.19786592,0.1464702,1.0731402,0.26832324,0.75844748,0.38084575,0.26030961,6.708858076,1.34083638655
18294,2013-10-18,Klant 81,0.0,0.01280027,0.0,0.013897719,0.012202158,0.0,0.014178481,0.39699099,0.47625738,0.0,0.0,0.010876437,0.01332273,0.0,0.01923343,0.0,0.01319829,0.59192392,1.0594395,1.5068691,0.4997898,0.38999002,0.30810454,0.15335793,5.492432695000001,1.34083638655
18349,2013-12-20,Klant 81,0.0,0.0,0.013068895,0.0,0.0,0.014594748,0.0,0.53560584,0.03361818,0.0,0.0,0.0,0.014443404,0.0,0.01405516,0.0,0.0,0.65772014,1.1875378,0.7226802,0.89772954,0.43114218,0.46258808,0.45342792,5.438212087,1.34083638655
18575,2013-08-28,Klant 81,0.024528858,0.0,0.0,0.014864454,0.0,0.0,0.01405516,0.0,0.60288528,0.01268071,0.0,0.0,0.01332273,0.015671376,0.0,0.0,0.01419432,0.0,0.01923343,0.017885736,0.000996093,0.01363768,0.0,0.0,0.7639558270000001,1.34083638655
18604,2013-08-07,Klant 81,0.0,0.014714308,0.0,0.0,0.014318862,0.0,0.015164746,0.12568347,0.0,0.0,0.014178481,0.50986485,0.00709717,0.0,0.014178481,0.0,0.015314892,0.28029078,0.22019818,0.087011694,0.0,0.0,0.014178481,0.0,1.332194395,1.34083638655
18636,2013-05-25,Klant 81,0.28562958,0.09701902,0.016151112,0.0,0.014318862,0.01363768,0.0,0.013897719,0.0,0.013757338,0.63125,0.42369921,0.043828176,0.0,0.76255505,0.64944594,0.0,0.64683332,0.67267616,0.95036139,0.043828176,0.24799096,0.11108485,0.0,5.637964543,1.34083638655
18713,2013-03-28,Klant 81,0.064248066,0.0,0.014178481,0.012810105,0.0,0.01280027,0.47368394,0.057403566,0.62828634,0.16472918,0.0,0.01377684,0.0,0.033376448,1.1241704,1.4472909,0.48148692,0.33615764,0.032302224,0.35239743,0.27230736,0.45865764,0.44236788,0.39010257,6.8125342,1.34083638655
18783,2013-07-05,Klant 81,0.014318862,0.0,0.013192115,0.0,0.01419432,0.0,0.014178481,0.0,0.01319829,0.0,0.014178481,0.0,0.0,0.013757338,0.0,0.01377684,0.0,0.013757338,0.0,0.013897719,0.0,0.0,0.014178481,0.0,0.1526282649999999,1.34083638655
18862,2013-08-25,Klant 81,0.0,0.0,0.014178481,0.0,0.01419432,0.0,0.0,0.014864454,0.023532726,0.0,0.0,0.01377684,0.0,0.013757338,0.15953859,0.0,0.021416022,0.0,0.0,0.013897719,0.065244096,0.33615764,0.0,0.0,0.690558226,1.34083638655
19045,2013-02-21,Klant 81,0.1846506,0.18422824,0.15349778,0.15843366,0.11616984,0.16173822,0.16668939,0.17619921,0.1846506,0.15970472,0.0,0.012930885,0.012202158,0.0,0.013068895,0.01196415,0.01319829,0.053952626,0.25040425,0.21789207,0.22337388,0.19200454,0.2495407,0.09994248,2.9964371840000004,1.34083638655
19050,2013-07-06,Klant 81,0.01419432,0.0,0.007150881,0.00688843,0.0,0.01268071,0.0,0.012930885,0.0,0.013757338,0.0,0.012810105,0.0,0.013757338,0.0,0.0,0.01419432,0.0,0.014178481,0.0,0.0,0.013757338,0.0,0.0,0.136300146,1.34083638655
19089,2013-12-07,Klant 81,0.0,0.022490216,0.0,0.0,0.015439434,0.0,0.01405516,0.0,0.01419432,0.0,0.014301802,1.7216199,0.29459436,0.2588768,0.19997798,0.026586945,0.0,1.053451,0.97991715,0.022719708,0.26097618,0.22657698,0.09986577,0.18417465,5.4098183550000005,1.34083638655
19097,2013-09-10,Klant 81,0.0,0.013757338,0.0,0.013897719,0.0,0.01363768,0.0,0.013897719,0.35398692,0.003947754,0.0,0.028641393,0.0,0.014714308,0.0,0.013897719,0.22947552,0.0,0.053508285,0.0,0.044824206,0.05096196,0.034398176,0.003988037,0.8875347339999999,1.34083638655
19153,2013-06-02,Klant 81,0.16223916,0.0,0.015041526,0.0,0.014318862,0.013757338,0.0,0.013897719,0.55582044,0.0,0.0,0.012930885,0.0,0.01363768,0.014178481,0.0,0.014318862,0.0,0.17877202,1.1543598,0.057026364,0.0,0.01220585,0.016798122,2.249303109,1.34083638655
19189,2013-10-27,Klant 81,0.36108408,,,0.33668712,0.28052448,0.32730432,0.28578859,0.71083782,0.65891592,0.52038588,0.25854081,0.01885257,0.03361818,0.067590306,0.0,0.016918902,0.1121847,0.19786592,0.084947464,0.0,0.031626018,0.076323282,0.078659709,0.077102091,4.5357581620000005,1.34083638655
19463,2013-12-29,Klant 81,0.0,0.01363768,0.0,0.01377684,0.0,0.013876996,0.0,0.0,0.37727046,0.0,0.15657929,0.034804638,0.0,0.0,0.01405516,0.78117138,0.67012164,0.32419478,0.45050545,0.37729296,0.67833978,0.40554164,0.28184353,0.12882573,4.721837954,1.34083638655
19639,2013-01-03,Klant 81,0.0,0.0,0.0,0.0,0.0,0.0,0.0,0.0,0.0,0.0,0.0,0.0,0.0,0.0,0.0,0.0,0.0,0.0,0.0,0.0,0.0,0.0,0.0,0.0,0.0,1.34083638655
19650,2013-11-02,Klant 81,0.014318862,0.01363768,0.028356962,0.01377684,0.014318862,0.02548098,0.014178481,0.012810105,0.02652102,0.01280027,0.57268717,0.54249426,0.030629886,0.01363768,0.83739302,0.54648198,0.47426532,0.38508512,0.39798343,0.35831862,0.49269264,0.22250998,0.072741715,0.2276802,5.350801083,1.34083638655
19700,2013-12-24,Klant 81,0.016186482,0.0,0.016274433,0.0,0.015190452,0.0,0.0,0.015952167,0.0,0.014594748,0.44138212,0.67216545,1.2588126,0.71442392,0.31513212,0.18997605,0.19174776,0.12561052,0.18567638,0.17813268,0.20096142,0.41367662,0.14844273,0.077102091,5.191440743,1.34083638655
19827,2013-05-30,Klant 81,0.0,0.013757338,0.0,0.013897719,0.0,0.01363768,0.0,0.035650593,0.0,0.01280027,0.0,0.20000574,0.070349094,0.0,0.015164746,0.0,0.0,0.09893296,0.035384542,0.17317773,0.51821814,0.46057158,0.0,0.015831288,1.6773794199999998,1.34083638655
19939,2013-05-13,Klant 81,0.75889938,0.4752853,0.30810454,0.52666218,0.47115228,0.25289586,0.37566748,0.33064416,0.071469768,0.16173822,0.16866192,0.0,0.016311024,0.0,0.01405516,0.013897719,0.5048949,0.0,0.012082529,0.22574673,0.28052448,0.16460962,0.0,0.046527129,5.179830379,1.34083638655
19958,2013-05-04,Klant 81,0.057150906,0.0,0.01405516,0.0,0.014318862,0.0,0.013192115,0.000966796,0.041835912,0.0,0.01405516,0.0,0.22449486,0.020576178,0.030206272,0.0,0.014318862,0.0,0.67070262,0.021752973,0.011206026,0.0,0.014178481,0.0,1.163011183,1.34083638655
20009,2013-10-24,Klant 81,0.0,0.014714308,0.0,0.014864454,0.06723636,0.2470335,0.21810142,0.20496069,0.19585734,0.20277082,0.153621,0.495,0.482358,0.13625724,0.0,0.0,0.11529774,0.0,0.074714346,0.031662576,0.12139938,0.0,0.024288379,0.0,2.800137553,1.34083638655
20067,2013-02-19,Klant 81,0.11318124,0.10682882,0.055480916,0.1138401,0.11741424,0.05873777,0.13537333,0.13861485,0.1070796,0.085295378,0.080755661,0.013897719,0.0,0.01268071,0.013192115,0.0,0.19884492,0.0,0.17470374,0.11094039,0.15601308,0.14798098,0.099002725,0.15940089,2.1992591740000003,1.34083638655
20137,2013-12-17,Klant 81,0.0,0.0,0.01405516,0.0,0.015190452,0.0,0.0,0.014018598,0.0,0.01363768,0.58489302,0.17426475,0.1377102,0.0,0.51190436,0.41378931,0.73661136,0.4105661,0.79078859,0.56630079,0.32422842,0.5010054,0.29787122,0.095954562,5.602789972,1.34083638655
20140,2013-02-06,Klant 81,0.015190452,0.0,0.014178481,0.0,0.01332273,0.01363768,0.0,0.044593461,0.0,0.01268071,0.013192115,0.030695841,0.0,0.013757338,0.01405516,0.63458109,0.76101588,0.78691942,0.64431839,0.46527129,1.1832306,0.2253804,0.016151112,0.10405197,5.006224120000001,1.34083638655
20159,2013-10-12,Klant 81,0.0,0.013757338,0.0,0.012810105,0.01319829,0.0,0.013192115,0.2860506,0.0,0.0118433,0.027247275,0.0,0.01319829,0.0,0.71003303,1.0504296,0.94255344,0.46248552,0.4847798,0.44557227,0.35386248,0.24308606,0.043398488,0.0,5.127498001,1.34083638655
20289,2013-06-19,Klant 81,0.015314892,0.0,0.0,0.01377684,0.0,0.013757338,0.0,0.0,0.51610062,0.0,0.0,0.013897719,0.432429,0.0,0.23536232,0.038550996,0.0,0.022609874,0.10911232,0.0,0.0,0.01363768,0.0,0.0,1.424549599,1.34083638655
20336,2013-10-11,Klant 81,0.0,0.013757338,0.0,0.013897719,0.0,0.01268071,0.014178481,0.0,0.047937042,0.0,0.01405516,0.0,0.39383016,0.0,0.012082529,0.0,0.01319829,0.081347644,0.088892827,0.32182227,0.02029545,0.014714308,0.0,0.012930885,1.075620813,1.34083638655
20461,2013-12-19,Klant 81,0.0,0.014833966,0.0,0.01377684,0.01319829,0.0,0.014301802,1.282941,0.23856474,0.24715306,0.28874789,0.29100555,0.17033184,0.016748004,0.23326657,0.17136504,1.5695964,0.28041034,0.39699666,0.4879908,0.03984375,0.0,0.0,0.20496069,5.976033232000001,1.34083638655
20480,2013-05-08,Klant 81,0.0,0.013757338,0.0,0.0,0.014318862,0.0,0.01405516,0.052448715,0.35809548,0.0,0.013068895,0.0,0.028637724,0.42133336,0.039453125,0.0,0.07346193,0.38113768,0.0,0.0,0.01332273,0.01961911,0.013068895,0.0,1.455779004,1.34083638655
20488,2013-06-11,Klant 81,0.064372608,0.0,0.0,0.01377684,0.014318862,0.0,0.014178481,0.14344803,0.46828812,0.0,0.013068895,0.0,0.01332273,0.021533246,0.01405516,0.0,0.014318862,0.15384236,0.087906461,0.0,0.0,0.72614766,0.0,0.0,1.7625783149999998,1.34083638655
20490,2013-12-01,Klant 81,0.01419432,0.013876996,0.0,0.01377684,0.0,0.01363768,0.014301802,0.57306843,0.20096142,0.0,0.013068895,0.96244632,0.52718292,0.39597194,0.35655727,0.22864743,0.29783184,0.27538588,1.3786399,0.047614743,0.063251934,0.20073732,0.15978503,0.20979486,5.960733769999999,1.34083638655
20546,2013-03-16,Klant 81,0.014318862,0.0,0.014178481,0.01377684,0.0,0.38807608,0.57872798,0.0,0.1428153,0.14403354,0.05967282,0.13861485,0.0,0.01363768,0.013192115,0.0,0.1897557,0.67123826,0.40599778,0.77029524,1.0811388,0.83991488,0.52016515,0.0,5.999550358,1.34083638655
20679,2013-03-04,Klant 81,0.0,0.013757338,0.0,0.01377684,0.0,0.01280027,0.013068895,0.0,0.54984324,0.0,0.012082529,0.0,0.014318862,0.016628444,0.013192115,0.0,0.048933072,0.34393296,0.67168939,0.39300327,0.51311304,0.29201452,0.24843172,0.078189705,3.24877621,1.34083638655
20808,2013-11-22,Klant 81,0.015190452,0.0,0.014178481,0.012930885,0.010209996,0.0,0.1756895,0.22175901,0.53452896,0.23614766,0.41709364,0.89694594,0.78230736,0.75557608,0.12933252,0.008942868,0.0,0.15479982,1.6321297,0.97320168,0.88540284,0.71143296,0.65455171,0.4850901,9.707442162,1.34083638655
20885,2013-08-06,Klant 81,0.0,0.014714308,0.0,0.0,0.015314892,0.0,0.016151112,0.0,0.32646936,0.23219924,0.0,0.0,0.015314892,0.0,0.015164746,0.0,0.0,0.014714308,0.0,0.0,0.015314892,0.0,0.0,0.01377684,0.67913459,1.34083638655
20939,2013-09-27,Klant 81,0.01419432,0.01280027,0.0,0.013897719,0.0,0.01268071,0.013192115,0.043505847,0.037727046,0.0,0.013192115,0.0,0.01319829,0.0,0.049563023,0.066225555,0.0,0.0118433,0.0,1.0453509,0.0,0.0,0.011219484,0.012810105,1.3714007990000003,1.34083638655
20973,2013-01-25,Klant 81,0.34066368,0.017585414,0.0,0.05849118,0.21216816,0.29105706,0.30292627,0.45741564,0.42433632,0.3724049,0.2423899,0.016798122,0.715071,0.42336686,0.39280516,0.42478623,0.6455937,0.83500998,0.56553637,0.52376247,0.1172898,0.03229982,0.0,0.012930885,7.424688921,1.34083638655
21015,2013-05-18,Klant 81,0.27429942,0.4322192,0.22118394,0.29112633,0.29173122,0.2527763,0.22623899,0.01885257,0.0,0.014714308,0.028233641,0.00688843,0.006101079,0.007895507,0.014178481,0.0,1.1414004,0.048928264,0.0,0.54056079,0.46916022,0.0,0.029343227,0.00688843,4.322720747,1.34083638655
21159,2013-01-14,Klant 81,0.26421366,0.21359786,0.29293939,0.30786426,0.30499122,0.28812588,0.37875,0.2702799,0.30088266,0.40374726,0.2757401,0.017825346,0.0,0.014714308,0.061583841,0.22870782,0.65785716,0.4096694,0.46659475,0.56231307,0.75174,0.38323096,0.68882707,0.60684624,8.151042154999999,1.34083638655
21304,2013-07-03,Klant 81,0.0,0.01363768,0.0,0.012930885,0.0,0.01363768,0.014178481,0.11190663,0.3304545,0.0,0.013068895,0.0,0.014318862,0.0,0.014178481,0.0,0.28961472,0.0,0.0,0.01196415,0.0,0.01363768,0.0,0.013897719,0.867426363,1.34083638655
21318,2013-06-17,Klant 81,0.0,0.01268071,0.0,0.0,0.014318862,0.0,0.014178481,0.0,0.036730914,0.0,0.01405516,0.0,0.0,0.044143022,0.071632129,0.17426475,0.087780792,0.0,0.0,0.014864454,0.8699631,0.0,0.0,0.012930885,1.367543259,1.34083638655
21393,2013-09-18,Klant 81,0.01319829,0.0,0.013192115,0.0,0.01419432,0.0,0.013192115,0.012810105,0.0,0.35182882,0.004068603,0.0,0.041835912,0.029428714,0.0,0.012810105,0.040839882,0.0,0.01405516,0.0,0.014318862,0.014714308,0.0,0.013897719,0.60438503,1.34083638655
21497,2013-09-23,Klant 81,0.0,0.013757338,0.0,0.013897719,0.005104978,0.007775879,0.31710465,0.0,0.0,0.01280027,0.022192427,0.0,0.0,0.013757338,0.0,0.01377684,0.0,0.013757338,0.15251101,0.028762173,0.015314892,0.0,0.035261221,0.0,0.665774073,1.34083638655
21660,2013-02-27,Klant 81,0.43554204,0.66154802,0.53520607,0.54648198,0.3427812,0.49394744,0.46456061,0.3613401,0.77931876,0.46451902,0.46049233,0.46925901,0.36618918,0.0,0.014178481,0.0,0.18153858,0.40279078,0.4382996,0.41983128,0.4477443,0.3293388,0.16360687,0.7623198,9.540834251,1.34083638655
21681,2013-11-19,Klant 81,0.13671366,0.017705072,0.0,0.01377684,0.015314892,0.0,0.013192115,0.0,0.04694091,0.62326628,0.0,0.01377684,0.0,0.013757338,0.014178481,0.0,0.01419432,0.01280027,0.0,0.1039302,0.12139938,0.015671376,0.012082529,0.023807421,1.212507924,1.34083638655
21685,2013-06-05,Klant 81,0.0,0.0,0.013192115,0.0,0.014318862,0.0,0.013068895,0.0,0.44164266,0.0,0.013192115,0.0,0.012202158,0.0,0.0,0.013897719,0.0,0.014714308,0.64025011,0.0,0.0,0.01280027,0.0,0.0,1.189279212,1.34083638655
21686,2013-08-04,Klant 81,0.0,0.0,0.0,0.014864454,0.0,0.013757338,0.0,0.0,0.20083698,0.0,0.0,0.013897719,0.0,0.0,0.015164746,0.0,0.0,0.014714308,0.025274644,0.0,0.0,0.0,0.01405516,0.37620495,0.688770299,1.34083638655
21727,2013-05-01,Klant 81,0.37129428,0.13422374,0.0,0.011843271,0.0,0.01280027,0.012082529,0.0,0.01332273,0.0,0.042412122,0.0,0.49157268,0.0,0.0,0.012930885,0.0,0.01268071,0.0,0.55445841,0.23769264,0.3527853,0.3888601,0.21184911,2.860808777,1.34083638655
21817,2013-07-12,Klant 81,0.0,0.013757338,0.0,0.012930885,0.0,0.01363768,0.0,0.012930885,0.0,0.01363768,0.0,0.012930885,0.0,0.013757338,0.0,0.01377684,0.0,0.013757338,0.0,0.013897719,0.0,0.01268071,0.0,0.013897719,0.161593017,1.34083638655
21915,2013-06-09,Klant 81,0.0,0.031342752,0.0,0.013897719,0.0,0.013757338,0.0,0.01377684,0.3999318,0.0,0.0,0.012810105,0.0,0.013757338,0.029220007,0.0,0.59068404,0.0,0.0,0.050394267,0.0,0.0,0.013192115,0.0,1.182764321,1.34083638655
22003,2013-02-02,Klant 81,0.021416022,0.01268071,0.0,0.012930885,0.01419432,0.0,0.014178481,0.014864454,0.038723178,0.013757338,0.68685454,0.088099407,0.039719208,0.0,0.014178481,0.013897719,0.0,0.024404254,0.037357173,0.51578604,0.3948267,0.19989942,0.19997798,0.92667465,3.28442096,1.34083638655
22009,2013-07-29,Klant 81,0.014318862,0.0,0.014178481,0.0,0.0,0.01363768,0.0,0.28315089,0.0,0.0,0.19800545,0.0,0.0,0.014714308,0.0,0.0,0.015314892,0.0,0.077673343,0.31686732,0.0,0.0,0.01405516,0.0,0.961916386,1.34083638655
22278,2013-02-07,Klant 81,0.29671188,0.17346196,0.018247064,0.014864454,0.01419432,0.013757338,0.0,0.36532881,0.64360062,0.51356704,0.39490091,0.28701783,0.56814714,0.54203898,0.38269506,0.46635831,0.34166022,0.6723143,0.49895919,0.63458109,0.6772188,0.50076628,0.37369495,0.14163534,8.535721886,1.34083638655
22289,2013-11-03,Klant 81,0.0601392,0.0,0.015164746,0.015831288,0.0,0.014714308,0.0,0.014864454,0.4426392,0.0,0.013192115,0.0,0.024404316,0.0,0.015164746,0.19299654,0.36008754,0.0,0.39095585,0.76715298,0.54884772,0.2831612,0.016151112,0.0,3.175467315,1.34083638655
22376,2013-04-19,Klant 81,0.06026364,0.0,0.015164746,0.01377684,0.0,0.013757338,0.0,0.046527129,0.0,0.020576178,0.014178481,0.85331862,0.0,0.01280027,0.19886799,0.0,0.15202896,0.19116664,0.021206061,0.077222871,0.0,0.67913314,0.32622798,0.51868674,3.214903624,1.34083638655
22476,2013-12-11,Klant 81,0.17033184,0.0,0.016027791,0.0,0.0,0.014833966,0.0,0.39880368,0.0,0.0,0.0,0.013051764,0.0,0.70054712,0.4031617,0.2375901,0.18153858,0.25863768,0.26778837,0.26417754,0.25699206,0.4399955,0.31513212,0.769329,4.707938811,1.34083638655
22483,2013-03-10,Klant 81,0.460071,0.41451452,0.39490091,0.46430406,0.37129428,0.4056612,0.40402424,0.31191237,0.5497188,0.28029078,0.59586566,0.38708109,0.44376018,0.51548098,0.33929738,0.31481307,0.8527812,0.69970922,0.40303848,0.46925901,0.18963126,0.25875724,0.22525222,0.24846723,9.99988638,1.34083638655
22859,2013-02-05,Klant 81,0.6323949,0.34297648,0.016274433,0.0,0.01419432,0.014714308,0.0,0.027674559,0.015314892,0.015671376,1.6807006,0.89984664,0.14891592,0.015791034,0.0,0.085078125,0.038723178,0.46451902,1.71498,0.85247316,0.69054204,1.0132612,0.78080171,0.21088287,9.675730765,1.34083638655
23018,2013-02-25,Klant 81,0.072465798,0.28328076,0.25743183,0.28919286,0.31202616,0.31558058,0.28282929,0.31783455,0.26508576,0.271558,0.29589869,0.62068347,1.2158604,0.41355706,0.48083474,0.32858991,0.24591078,0.10192392,0.28874789,0.46043712,0.35187042,0.42145292,0.35742082,0.31976802,8.570241748,1.34083638655
23043,2013-08-05,Klant 81,0.0,0.0,0.0,0.013897719,0.0,0.0,0.014178481,0.0,0.015314892,0.0,0.012082529,0.007855224,0.0,0.0,0.0,0.014864454,0.0,0.0,0.31315959,0.0,0.0,0.0,0.01405516,0.0,0.405408049,1.34083638655
23170,2013-02-17,Klant 81,0.01319829,0.0118433,0.0,0.011843271,0.01319829,0.0,0.01220585,0.012810105,0.0,0.011723642,0.01220585,0.012810105,0.0,0.0118433,0.0,0.012810105,0.012202158,0.0,0.013192115,0.011843271,0.0,0.01280027,0.012082529,0.0,0.198612451,1.34083638655
23244,2013-03-11,Klant 81,0.0,0.013757338,0.01405516,0.0,0.01332273,0.01268071,0.0,0.012930885,0.17643348,1.0613498,0.7372798,0.49802148,0.49667676,0.45674272,0.39588768,0.39795822,0.40802448,0.44789038,0.47467071,0.20290644,0.41823468,0.33220922,0.31722787,0.39699099,7.285251532999999,1.34083638655
23255,2013-04-03,Klant 81,0.0,0.01268071,0.0,0.013897719,0.012202158,0.0,0.013192115,0.0,0.79450962,0.31558058,0.042412122,0.01196415,0.001992182,0.013757338,0.29885698,0.0,1.1077812,0.020576178,0.067686766,0.14151456,0.26931876,0.69480432,0.26063757,0.34840971,4.441774738,1.34083638655
23394,2013-08-29,Klant 81,0.015314892,0.0,0.0,0.013897719,0.0,0.013757338,0.0,0.0,0.44064714,0.0,0.23733485,0.0,0.02652102,0.0,0.022192427,0.0,0.0,0.014714308,0.0,0.013897719,0.0,0.31163314,0.0,0.0,1.109910553,1.34083638655
23438,2013-03-18,Klant 81,0.42122328,0.015671376,0.0,0.013897719,0.0,0.013757338,0.013068895,0.40496742,0.16522674,0.2400951,0.22623899,0.13958109,0.68543694,0.55663314,0.49797242,0.44351802,0.40391592,0.68786592,0.40402424,0.47421396,0.1927443,0.10192392,0.0,0.274329,6.376305728,1.34083638655
23502,2013-01-28,Klant 81,0.0,0.0,0.0,0.0,0.0,0.0,0.78474778,0.34454178,0.1999659,0.016628444,0.014178481,0.0,0.01419432,0.0,0.067686766,0.028762173,0.042832044,1.2573008,1.00198565,0.45040644,0.56005344,0.75557608,0.0,0.02574099,5.564601088,1.34083638655
23542,2013-01-20,Klant 81,0.40391592,0.6879257,0.48884909,0.58213287,0.46511388,0.65951452,0.66361343,0.47125287,0.76188696,0.94572646,0.47775222,0.63850842,0.4946847,0.45865764,0.76156828,0.57119535,0.71706306,0.60077626,0.61608485,0.57022911,0.62118918,0.69480432,0.99791737,0.87712614,15.2274886,1.34083638655
23654,2013-01-13,Klant 81,0.70280652,0.39489492,0.5717004,0.52666218,0.6426051,0.59581158,0.56867949,0.47614743,0.61303326,0.60466392,0.50598677,0.039638709,0.0,0.013697558,0.0,0.013897719,0.0,0.053892846,0.42116192,0.0,0.016311024,0.14702352,0.18783374,0.18610812,7.282556725999999,1.34083638655
24038,2013-01-16,Klant 81,0.55283184,0.47139764,0.5645496,0.41681079,0.51,0.3851449,0.41105182,0.53264475,0.33456306,0.42922824,0.34946808,0.15245208,0.49263042,0.021593026,0.40803192,0.69693921,0.51105876,0.68696922,0.3585298,0.5504697,0.59055858,0.41158334,0.58174889,0.41088861,10.831144276,1.34083638655
24109,2013-09-01,Klant 81,0.02041989,0.0,0.014178481,0.0,0.01419432,0.0,0.014178481,0.013897719,0.0,0.030385782,0.48071152,0.0,0.01332273,0.0,0.01405516,0.0,0.014318862,0.0,0.28677536,0.0,0.01332273,0.38616214,0.0,0.01377684,1.3297000149999998,1.34083638655
24251,2013-11-24,Klant 81,0.24167676,0.01961911,0.016151112,0.0,0.014318862,0.0,0.01405516,0.0,0.014318862,0.0,0.72322464,0.016798122,0.64360062,0.67913314,0.62927747,1.2849903,0.54872328,0.26366214,0.24645919,0.23360238,0.16622328,0.062805162,0.11207162,0.0,5.93071121,1.34083638655
24258,2013-03-12,Klant 81,0.1723239,0.0,0.013068895,0.0,0.014318862,0.01280027,0.0,0.012810105,0.5019063,0.0,0.30292627,0.0,0.011206026,0.0,0.013192115,0.0,0.01419432,0.01280027,1.2200901,0.90093366,0.57623982,0.39692842,0.45654626,0.7226802,5.354965793,1.34083638655
24294,2013-11-30,Klant 81,0.69664266,0.48605256,0.43028525,0.43360812,0.44064714,0.3695335,0.39379193,0.78721434,0.023408184,0.034213858,0.0,0.01377684,0.22860342,0.22442392,0.0,0.012810105,0.53863752,0.83189946,0.59105705,0.44134299,0.33867162,0.14810054,0.12723677,0.0,7.591957777000001,1.34083638655
24301,2013-11-17,Klant 81,0.012202158,0.0,0.013192115,0.0,0.01319829,0.01280027,0.0,0.094020993,0.0,0.011723642,0.029343227,0.0,0.012202158,0.0,0.013192115,0.0,0.022412154,0.91336686,0.44039535,1.0949004,0.78741246,0.6674094,0.49390414,0.11178585,4.743461582,1.34083638655
24386,2013-04-17,Klant 81,0.098986818,0.0,0.015041526,0.0,0.014318862,0.01280027,0.0,0.012810105,0.036730914,0.29404802,0.22118394,0.008822019,0.0,0.58020018,0.16866192,0.049548312,0.1377102,0.0,0.30699455,0.023807421,0.095873982,0.22442392,0.039329804,0.0,2.341292763,1.34083638655
24456,2013-04-04,Klant 81,0.7252812,0.0,0.015164746,0.0,0.01319829,0.0,0.013192115,0.049427532,0.29073468,0.39884236,0.083837878,0.95737059,1.02,0.002871096,0.0,0.1435698,0.4396506,0.40673822,0.73518405,0.51083109,0.084667956,0.03146241,0.0,0.045439416,5.967464029,1.34083638655
24502,2013-11-10,Klant 81,0.28662612,0.32048548,0.20404626,0.37125,0.22636248,0.29105706,0.23634909,0.30792465,0.55694142,0.27239492,0.17877202,0.21680406,0.034738752,0.0,0.015164746,0.0,0.19373982,0.54096196,0.3090903,0.50394267,0.0,0.01363768,0.0,0.10296396,5.183253447999999,1.34083638655
24515,2013-11-27,Klant 81,0.007221682,0.010766574,0.0,0.012810105,0.01332273,0.0,0.013068895,0.42478623,0.0,0.011723642,0.40698354,0.5049099,0.016311024,0.7399049,0.61608485,0.57427722,0.44575224,0.29392846,0.31722787,0.37620495,0.31713126,0.26760958,0.18678637,0.16532208,5.722134102,1.34083638655
24610,2013-05-10,Klant 81,0.01332273,0.0,0.013068895,0.013897719,0.0,0.01280027,0.013068895,0.0,0.014318862,0.01363768,0.54445262,0.0,0.83435286,0.028471646,0.14536021,0.0,0.1398267,0.41451452,0.26655516,0.079277319,0.28762164,1.4945196,0.10294829,0.042659892,4.474675508,1.34083638655
24687,2013-04-20,Klant 81,0.058146936,0.0,0.028356962,0.53947278,0.0,0.011723642,0.0,0.012930885,0.035734884,0.4732518,0.22327969,0.15734664,0.38660856,0.85558606,0.34743394,0.085078125,0.0,0.01280027,0.0,0.013897719,0.83945796,0.37132788,0.34447464,0.40786713,5.204776503,1.34083638655
24700,2013-06-18,Klant 81,0.0,0.0,0.014178481,0.0,0.01319829,0.0,0.014178481,0.51578604,0.21727326,0.0,0.0,0.01377684,0.0,0.0,0.014178481,0.0,0.014318862,0.0,0.0,0.014864454,0.0,0.015671376,0.0,0.0,0.8474245649999999,1.34083638655
24763,2013-09-09,Klant 81,0.014318862,0.0,0.01405516,0.0,0.014318862,0.0,0.32314546,0.0,0.0,0.01280027,0.0,0.49101228,0.0,0.13530076,0.06657718,0.056436732,0.043828176,0.0,0.153621,0.16918902,0.062255904,0.37635234,0.0,0.012810105,1.946022111,1.34083638655
24764,2013-11-13,Klant 81,0.016311024,0.013757338,0.0,0.01377684,0.0,0.01280027,0.36962667,0.49898772,0.0,0.01268071,0.0,0.012930885,0.01419432,0.0,0.013192115,0.0,0.014318862,1.2337318,0.49599989,0.60581862,0.2345796,0.26270468,0.60794829,0.11782881,4.551188444,1.34083638655
24773,2013-04-25,Klant 81,0.072465798,0.0,0.01405516,0.013897719,0.0,0.01280027,0.37369495,0.005921636,0.0,0.035290486,0.0,0.012810105,0.0,0.01280027,0.0,0.012810105,0.005104978,0.052995558,0.2525,0.0,0.2630937,0.23818116,0.42017616,0.39795822,2.196556275,1.34083638655
25113,2013-07-21,Klant 81,0.01419432,0.0,0.0,0.013897719,0.0,0.013757338,0.0,0.0,0.01419432,0.0,0.014178481,0.0,0.014318862,0.0,0.0,0.014864454,0.0,0.0,0.0,0.014864454,0.0,0.0,0.015041526,0.0,0.1293114739999999,1.34083638655
25175,2013-11-29,Klant 81,0.018303186,0.014714308,0.0,0.012930885,0.01419432,0.0,0.014178481,0.76425327,0.49680222,0.0,0.014178481,0.0,0.01419432,0.014714308,0.75651323,0.96329178,0.80372328,1.344511,0.55456272,0.30490317,0.41213406,0.54096196,0.58168728,0.31880079,7.959553049,1.34083638655
25274,2013-12-09,Klant 81,0.0,0.015551718,0.0,0.0,0.016435566,0.0,0.36642093,0.003142092,0.0,0.0,0.15337355,0.60400593,0.0,0.0,0.14844273,0.53753931,0.26819778,0.1921241,0.23326657,0.21100365,0.23557614,0.13613768,0.050549288,0.017885736,3.18965277,1.34083638655
25379,2013-07-22,Klant 81,0.0,0.014714308,0.0,0.013897719,0.0,0.0,0.014178481,0.0,0.0,0.014714308,0.0,0.0,0.01419432,0.0,0.0,0.0,0.016311024,0.0,0.0,0.0,0.0,0.016748004,0.0,0.0,0.104758164,1.34083638655
25395,2013-02-18,Klant 81,0.012202158,0.01280027,0.0,0.011843271,0.012202158,0.0,0.14141515,0.092087424,0.14991246,0.058857428,0.075700712,0.030695841,0.01332273,0.0,0.013068895,0.01196415,0.0,0.01268071,0.11009909,0.13462614,0.20805858,0.04510009,0.14141515,0.11686158,1.404913987,1.34083638655
25783,2013-01-30,Klant 81,0.015314892,0.013757338,0.0,0.014864454,0.01419432,0.0,0.014178481,0.049548312,0.0,0.01363768,0.014178481,0.0,0.014318862,0.20671924,0.6413601,0.18320841,0.0,0.056823732,0.0,0.012810105,0.69776364,0.39489492,0.017137478,0.019819305,2.39452975,1.34083638655
25808,2013-04-05,Klant 81,0.28052448,0.0,0.014178481,0.0,0.01319829,0.013757338,0.4454504,0.12967119,0.3927102,0.1077853,0.0,0.013897719,0.0,0.01363768,0.0,0.78117138,0.0,0.0,0.58883808,0.47916891,0.6823239,0.33902806,0.35655727,0.074322468,4.726221145999999,1.34083638655
25813,2013-02-24,Klant 81,0.12139938,0.23818116,0.13931839,0.17426475,0.15402102,0.16460962,0.15460676,0.13063842,0.21216816,0.1725045,0.15855182,0.15843366,0.1070796,0.10479532,1.6665202,1.4979294,1.0720506,0.76239492,0.85946152,0.86721723,0.79052448,0.6292482,0.88165425,0.11976228,11.33733564,1.34083638655
25876,2013-01-27,Klant 81,0.49368918,0.0,0.013068895,0.0,0.014318862,0.0,0.013068895,0.013897719,0.0,0.38317118,0.0,0.013897719,0.87818124,0.1028804,0.0,0.01196415,0.0,0.01363768,1.4009508,1.0167102,0.96384492,0.7948143,0.76058252,0.22465971,7.113338369999999,1.34083638655
25986,2013-10-30,Klant 81,0.0,0.0,0.015041526,0.013897719,0.0,0.014714308,0.0,0.013897719,0.01419432,0.44298548,0.7676101,0.0,0.0,0.01280027,0.0,0.01377684,0.0,0.054909694,0.19997798,0.082177722,0.0,0.01268071,0.02626101,0.0,1.684925398,1.34083638655
25988,2013-02-11,Klant 81,0.014318862,0.01363768,0.0,0.013897719,0.01332273,0.0,0.013068895,0.28411713,0.75578634,0.0,0.01220585,0.012810105,0.0,0.029428714,0.10701657,1.5741891,0.012202158,0.86144744,0.84639313,0.60581862,0.69876018,0.53498004,0.46973888,0.19299654,7.066136683,1.34083638655
26003,2013-11-26,Klant 81,0.23258754,0.29309056,0.24843172,0.27517446,0.26110062,0.17549546,0.24645919,0.48895704,0.2673267,0.2478714,0.82013212,0.017885736,0.15302448,0.2351902,0.10701657,0.0,0.5650341,0.0,0.011096163,0.37330425,0.22847898,0.02643795,0.0,0.011843271,5.285938509999999,1.34083638655
26234,2013-10-21,Klant 81,0.2754204,0.40482428,0.33621486,0.20097297,0.18564714,0.29309056,0.23425334,0.98311158,0.031626018,0.26258512,0.10109898,0.0,0.015190452,0.0,0.014178481,0.0,0.014318862,0.6506612,0.15657929,0.0,0.0,0.013757338,0.0,0.01377684,4.187307711,1.34083638655
26321,2013-07-18,Klant 81,0.015190452,0.0,0.014178481,0.0,0.0,0.013757338,0.0,0.01377684,0.0,0.013757338,0.0,0.0,0.014318862,0.0,0.014178481,0.0,0.0,0.014594748,0.0,0.0,0.015314892,0.0,0.0,0.013897719,0.142965151,1.34083638655
26490,2013-01-15,Klant 81,0.53957184,0.58211412,0.47873899,0.6385698,0.50894124,0.6644792,0.44033374,0.39499713,0.49779774,0.58600178,0.39496252,0.32665644,0.43859286,0.25092116,0.70294384,0.45246069,0.74352186,0.49197372,0.94841626,0.4722201,0.65076,0.54389314,0.38177091,0.58908168,12.71972076,1.34083638655
26511,2013-12-25,Klant 81,0.1347216,0.0,0.0,0.01377684,0.0,0.014833966,0.0,0.01377684,0.0,0.0,0.72938968,0.85319784,0.06648921,0.0,0.0,0.79881615,0.061259772,0.024404254,0.0,0.0,0.0,0.01268071,0.0,0.014018598,2.73736546,1.34083638655
26568,2013-03-15,Klant 81,0.31613574,0.015671376,0.0,0.013897719,0.01332273,0.22239042,0.58982384,0.17329851,0.28662612,0.24404254,0.15251101,0.80775882,0.7547898,0.82711412,0.72618394,0.893079,0.5854545,0.52624726,0.41302536,0.31493385,0.3701733,0.41941942,0.2423899,0.12278277,9.031072045,1.34083638655
26620,2013-11-04,Klant 81,0.015314892,0.0,0.014178481,0.0,0.01419432,0.01280027,0.0,0.81573525,0.0673608,0.30672824,0.0,0.012810105,0.0,0.013757338,0.014178481,0.0,0.31414266,1.0681706,0.5717004,0.039638709,0.099858408,0.0,0.014178481,0.003021242,3.397768677,1.34083638655
26776,2013-01-11,Klant 81,0.52326,0.44489942,0.50703414,0.38708109,0.49269264,0.4801902,0.37671586,0.5148198,0.49773552,0.46942392,0.38078414,0.40490703,0.57424776,0.34201902,0.47972576,0.57325059,0.0,0.6399547,0.40501101,0.47119248,0.49474692,0.4723551,0.40094273,0.42968079,10.76267062,1.34083638655
26918,2013-09-30,Klant 81,0.01319829,0.0,0.014178481,0.012810105,0.0,0.01280027,0.013068895,0.73464435,0.0,0.011723642,0.0,0.013897719,0.01319829,0.0,0.013192115,0.0,0.014318862,0.01268071,0.0,0.012930885,0.0,0.28998004,0.0,0.01196415,1.1945868039999998,1.34083638655
26993,2013-10-02,Klant 81,0.01319829,0.0,0.013192115,0.0,0.01319829,0.01280027,0.0,0.056436732,0.0,0.01268071,0.02626101,0.0,0.01332273,0.0,0.013068895,0.013897719,0.0,0.01268071,0.30502202,0.23263515,0.03984375,0.0,0.013068895,0.0,0.791307286,1.34083638655
27012,2013-10-17,Klant 81,0.01319829,0.0,0.014178481,0.0,0.014318862,0.0,0.01405516,0.41088861,0.47837388,0.0,0.014178481,0.0,0.025400346,0.0,0.067686766,0.0,0.015314892,0.014714308,0.03328859,0.11686158,0.028513182,0.0,0.014178481,0.011843271,1.28699318,1.34083638655
27133,2013-01-23,Klant 81,0.082675794,0.0,0.01405516,0.0,0.01332273,0.0,0.013068895,0.0,0.055158642,0.00681885,0.0,0.012810105,0.65082324,0.89960962,0.6878403,0.70878258,0.49368918,0.94279528,0.0,0.014864454,0.69365508,0.66932334,0.72211566,0.17329851,6.85470742,1.34083638655
27137,2013-08-19,Klant 81,0.0,0.013757338,0.0,0.013897719,0.0,0.0,0.014178481,0.0,0.01419432,0.0,0.42831272,0.0,0.31314714,0.15874726,0.021206061,0.038550996,0.0,0.013757338,0.0,0.014864454,0.0,0.0,0.01405516,0.0,1.058668987,1.34083638655
27342,2013-10-25,Klant 81,0.00709717,0.00681885,0.013192115,0.0,0.01319829,0.0,0.014178481,0.0,0.01319829,0.687029,0.62619495,0.011843271,0.39383016,0.62219024,0.51116504,0.55735812,0.44164266,0.086252446,0.83726879,0.14054832,0.0,0.0,0.013192115,0.056436732,5.05263504,1.34083638655
27357,2013-08-02,Klant 81,0.1876392,0.0,0.0,0.0,0.014318862,0.0,0.014178481,0.0,0.0,0.014714308,0.016151112,0.0,0.16211472,0.0,0.30600879,0.0,0.0,0.0,0.084947464,0.0,0.0,0.0,0.015041526,0.013897719,0.8290121819999999,1.34083638655
27426,2013-12-23,Klant 81,0.0,0.014594748,0.0,0.014985333,0.0,0.01363768,0.0,0.74443347,0.21515676,0.21270018,0.56467282,0.19408455,0.1753125,0.10503444,0.2352391,0.55131615,0.34888182,0.74768022,0.55974099,0.42563268,0.35909202,0.36438948,0.22438968,0.0,6.070974621,1.34083638655
27459,2013-03-30,Klant 81,0.008217773,0.048928264,0.0,0.01196415,0.0,0.01363768,0.013192115,0.038550996,0.96185286,1.5043294,0.24645919,0.022719708,0.014318862,0.0,0.013192115,0.7325901,0.53141592,0.62135234,0.68167627,0.53367138,0.21926532,0.35577626,0.3715992,0.10103049,7.045740393,1.34083638655
27750,2013-10-10,Klant 81,0.0,0.014714308,0.0,0.013897719,0.01319829,0.0,0.013068895,0.0,0.042956586,0.0,0.0,0.012810105,0.65181876,0.0,0.013068895,0.0,0.01332273,0.0,0.77365091,0.88498179,0.60487836,0.5596241,0.09296141,0.1266507,3.831603558,1.34083638655
